date,facility,facility_id,orders,gmv,gmv_minus_discount,hours_staffed,week,month,labor_cost,orders_processed_per_hour_staffed,expected_hours,overstaffing_flag,processing_revenue,net_revenue,expected_labor_cost,expected_net_revenue,loss_flag
2023-08-01,NA-US-CA(N)-NH-Ruff (Kitchens),905cbe43-327f-4d3e-a897-48ee81a64ade,154,5478.43,5322.32,29.483333,2023-07-31,2023-08-01,530.699994,6,4.4,1,219.1372,-311.56279399999994,79.2,139.93720000000002,1
2023-08-01,NA-US-IL-DUN-Avondale,54341152-da81-4b58-8ba3-8604bc1ff2dc,108,3297.44,2555.35,13.2,2023-07-31,2023-08-01,237.6,9,3.085714285714286,1,131.8976,-105.70239999999998,55.542857142857144,76.35474285714287,1
2023-08-01,NA-US-NG-OTT-Tempe (Kitchens) (correct),a9eb0fc1-7699-43b4-bd4c-6bb5b8195a87,69,1949.6100000000001,1850.56,13.166667,2023-07-31,2023-08-01,237.000006,6,1.9714285714285715,1,77.98440000000001,-159.015606,35.48571428571429,42.49868571428572,1
2023-08-01,NA-US-OD-5th (correct),54d4375f-4c79-4444-ad83-f54362c08198,134,4088.62,3712.86,12.583333,2023-07-31,2023-08-01,226.499994,11,3.8285714285714287,1,163.5448,-62.95519399999998,68.91428571428571,94.6305142857143,1
2023-08-01,NA-US-TUCS-SA-Lombrano (Correct),ee395d7f-589b-4208-a745-90a8a0aa3bfd,12,286.02,266.02,8.066667,2023-07-31,2023-08-01,145.200006,2,0.34285714285714286,1,11.4408,-133.759206,6.171428571428572,5.269371428571428,1
2023-08-01,NA-US-TX-KOL-18th,40cb78af-5b18-4044-82af-8751b9c34b58,3,64.25,64.25,7.7,2023-07-31,2023-08-01,138.6,1,0.08571428571428572,1,2.57,-136.03,1.542857142857143,1.027142857142857,1
2023-08-02,NA-US-CA(N)-NH-Ruff (Kitchens),905cbe43-327f-4d3e-a897-48ee81a64ade,473,16297.55,15677.02,25.1,2023-07-31,2023-08-01,451.8,19,13.514285714285714,1,651.9019999999999,200.10199999999992,243.25714285714287,408.64485714285706,0
2023-08-02,NA-US-CO-DEN-Aurora,2019e0f4-7fd8-47fd-a858-9e5c4b409a39,45,1884.19,1679.76,0.983333,2023-07-31,2023-08-01,17.699994,46,1.2857142857142858,0,75.36760000000001,57.667606000000006,23.142857142857146,52.224742857142864,0
2023-08-02,NA-US-IL-DUN-Avondale,54341152-da81-4b58-8ba3-8604bc1ff2dc,689,19672.68,15850.32,17.366666,2023-07-31,2023-08-01,312.599988,40,19.685714285714287,0,786.9072,474.307212,354.34285714285716,432.56434285714283,0
2023-08-02,NA-US-NG-OTT-Tempe (Kitchens) (correct),a9eb0fc1-7699-43b4-bd4c-6bb5b8195a87,304,9369.19,8705.34,14.066667,2023-07-31,2023-08-01,253.200006,22,8.685714285714285,1,374.7676,121.56759400000001,156.34285714285713,218.4247428571429,0
2023-08-02,NA-US-OD-5th (correct),54d4375f-4c79-4444-ad83-f54362c08198,529,14575.96,12849.33,21.65,2023-07-31,2023-08-01,389.7,25,15.114285714285714,1,583.0384,193.33840000000004,272.0571428571428,310.9812571428572,0
2023-08-02,NA-US-TUCS-SA-Lombrano (Correct),ee395d7f-589b-4208-a745-90a8a0aa3bfd,61,1541.3799999999999,1521.3799999999999,7.916667,2023-07-31,2023-08-01,142.500006,8,1.7428571428571429,1,61.655199999999994,-80.84480600000002,31.371428571428574,30.28377142857142,1
2023-08-02,NA-US-TX-KOL-18th,40cb78af-5b18-4044-82af-8751b9c34b58,57,1659.79,1504.3700000000001,9.25,2023-07-31,2023-08-01,166.5,7,1.6285714285714286,1,66.3916,-100.1084,29.314285714285713,37.07731428571428,1
2023-08-03,NA-US-CA(N)-NH-Ruff (Kitchens),905cbe43-327f-4d3e-a897-48ee81a64ade,462,14638.9,14297.13,19.2,2023-07-31,2023-08-01,345.59999999999997,25,13.2,1,585.556,239.95600000000007,237.6,347.956,0
2023-08-03,NA-US-CO-DEN-Aurora,2019e0f4-7fd8-47fd-a858-9e5c4b409a39,45,1410.54,1197.44,0.0,2023-07-31,2023-08-01,0.0,0,1.2857142857142858,0,56.4216,56.4216,23.142857142857146,33.27874285714285,0
2023-08-03,NA-US-IL-DUN-Avondale,54341152-da81-4b58-8ba3-8604bc1ff2dc,751,22822.98,18608.58,12.85,2023-07-31,2023-08-01,231.29999999999998,59,21.457142857142856,0,912.9192,681.6192000000001,386.2285714285714,526.6906285714286,0
2023-08-03,NA-US-NG-OTT-Tempe (Kitchens) (correct),a9eb0fc1-7699-43b4-bd4c-6bb5b8195a87,477,14796.56,13170.3,16.9,2023-07-31,2023-08-01,304.2,29,13.628571428571428,1,591.8624,287.6624,245.31428571428572,346.5481142857143,0
2023-08-03,NA-US-OD-5th (correct),54d4375f-4c79-4444-ad83-f54362c08198,554,16328.15,14450.64,21.016667,2023-07-31,2023-08-01,378.30000600000005,27,15.82857142857143,1,653.126,274.8259939999999,284.9142857142857,368.21171428571427,0
2023-08-03,NA-US-TUCS-SA-Lombrano (Correct),ee395d7f-589b-4208-a745-90a8a0aa3bfd,70,1911.56,1881.56,8.0,2023-07-31,2023-08-01,144.0,9,2.0,1,76.4624,-67.5376,36.0,40.4624,1
2023-08-03,NA-US-TX-KOL-18th,40cb78af-5b18-4044-82af-8751b9c34b58,52,1562.5,1538.53,8.85,2023-07-31,2023-08-01,159.29999999999998,6,1.4857142857142858,1,62.5,-96.79999999999998,26.742857142857144,35.75714285714285,1
2023-08-04,NA-US-CA(N)-NH-Ruff (Kitchens),905cbe43-327f-4d3e-a897-48ee81a64ade,443,14925.16,14398.42,18.916667,2023-07-31,2023-08-01,340.500006,24,12.657142857142857,1,597.0064,256.506394,227.82857142857142,369.17782857142856,0
2023-08-04,NA-US-CO-DEN-Aurora,2019e0f4-7fd8-47fd-a858-9e5c4b409a39,84,2838.54,2468.53,0.0,2023-07-31,2023-08-01,0.0,0,2.4,0,113.5416,113.5416,43.199999999999996,70.3416,0
2023-08-04,NA-US-IL-DUN-Avondale,54341152-da81-4b58-8ba3-8604bc1ff2dc,818,25407.28,20809.06,14.216667,2023-07-31,2023-08-01,255.900006,58,23.37142857142857,0,1016.2912,760.391194,420.68571428571425,595.6054857142858,0
2023-08-04,NA-US-NG-OTT-Tempe (Kitchens) (correct),a9eb0fc1-7699-43b4-bd4c-6bb5b8195a87,454,14115.38,12077.07,27.566667,2023-07-31,2023-08-01,496.200006,17,12.971428571428572,1,564.6152,68.41519399999999,233.4857142857143,331.1294857142857,0
2023-08-04,NA-US-OD-5th (correct),54d4375f-4c79-4444-ad83-f54362c08198,568,15952.27,13976.4,21.65,2023-07-31,2023-08-01,389.7,27,16.228571428571428,1,638.0908000000001,248.39080000000007,292.1142857142857,345.97651428571436,0
2023-08-04,NA-US-TUCS-SA-Lombrano (Correct),ee395d7f-589b-4208-a745-90a8a0aa3bfd,79,2224.96,2194.96,7.266667,2023-07-31,2023-08-01,130.800006,11,2.257142857142857,1,88.9984,-41.80160599999999,40.628571428571426,48.36982857142858,1
2023-08-04,NA-US-TX-KOL-18th,40cb78af-5b18-4044-82af-8751b9c34b58,75,2264.91,2193.27,6.033333,2023-07-31,2023-08-01,108.599994,13,2.142857142857143,1,90.5964,-18.003593999999993,38.57142857142857,52.02497142857143,1
2023-08-05,NA-US-CA(N)-NH-Ruff (Kitchens),905cbe43-327f-4d3e-a897-48ee81a64ade,452,15812.15,15461.41,22.416667,2023-07-31,2023-08-01,403.500006,21,12.914285714285715,1,632.486,228.985994,232.45714285714286,400.02885714285713,0
2023-08-05,NA-US-CO-DEN-Aurora,2019e0f4-7fd8-47fd-a858-9e5c4b409a39,71,2470.76,2190.94,0.0,2023-07-31,2023-08-01,0.0,0,2.0285714285714285,0,98.83040000000001,98.83040000000001,36.51428571428571,62.3161142857143,0
2023-08-05,NA-US-IL-DUN-Avondale,54341152-da81-4b58-8ba3-8604bc1ff2dc,865,27146.98,22098.38,14.6,2023-07-31,2023-08-01,262.8,60,24.714285714285715,0,1085.8792,823.0792000000001,444.8571428571429,641.0220571428572,0
2023-08-05,NA-US-NG-OTT-Tempe (Kitchens) (correct),a9eb0fc1-7699-43b4-bd4c-6bb5b8195a87,372,11955.5,9995.6,17.233333,2023-07-31,2023-08-01,310.19999399999995,22,10.628571428571428,1,478.22,168.02000600000008,191.31428571428572,286.90571428571434,0
2023-08-05,NA-US-OD-5th (correct),54d4375f-4c79-4444-ad83-f54362c08198,548,22810.14,20706.49,11.916667,2023-07-31,2023-08-01,214.500006,46,15.657142857142857,0,912.4056,697.9055940000001,281.8285714285714,630.5770285714286,0
2023-08-05,NA-US-TUCS-SA-Lombrano (Correct),ee395d7f-589b-4208-a745-90a8a0aa3bfd,68,2052.93,1992.93,6.983333,2023-07-31,2023-08-01,125.699994,10,1.9428571428571428,1,82.1172,-43.58279400000001,34.97142857142857,47.14577142857143,1
2023-08-05,NA-US-TX-KOL-18th,40cb78af-5b18-4044-82af-8751b9c34b58,86,2852.43,2810.45,0.0,2023-07-31,2023-08-01,0.0,0,2.4571428571428573,0,114.0972,114.0972,44.22857142857143,69.86862857142857,0
2023-08-06,NA-US-CA(N)-NH-Ruff (Kitchens),905cbe43-327f-4d3e-a897-48ee81a64ade,407,12577.49,12115.94,11.2,2023-07-31,2023-08-01,201.6,37,11.628571428571428,0,503.0996,301.4996,209.31428571428572,293.7853142857143,0
2023-08-06,NA-US-CO-DEN-Aurora,2019e0f4-7fd8-47fd-a858-9e5c4b409a39,69,2217.2200000000003,1983.73,0.0,2023-07-31,2023-08-01,0.0,0,1.9714285714285715,0,88.68880000000001,88.68880000000001,35.48571428571429,53.20308571428573,0
2023-08-06,NA-US-IL-DUN-Avondale,54341152-da81-4b58-8ba3-8604bc1ff2dc,779,24758.01,20068.35,13.75,2023-07-31,2023-08-01,247.5,57,22.257142857142856,0,990.3204,742.8204,400.62857142857143,589.6918285714285,0
2023-08-06,NA-US-NG-OTT-Tempe (Kitchens) (correct),a9eb0fc1-7699-43b4-bd4c-6bb5b8195a87,494,15910.73,13459.08,13.333334,2023-07-31,2023-08-01,240.00001200000003,38,14.114285714285714,0,636.4292,396.429188,254.05714285714285,382.3720571428572,0
2023-08-06,NA-US-OD-5th (correct),54d4375f-4c79-4444-ad83-f54362c08198,623,19236.83,16327.74,6.783333,2023-07-31,2023-08-01,122.099994,92,17.8,0,769.4732000000001,647.3732060000001,320.40000000000003,449.0732000000001,0
2023-08-06,NA-US-TUCS-SA-Lombrano (Correct),ee395d7f-589b-4208-a745-90a8a0aa3bfd,44,1272.12,1267.12,0.0,2023-07-31,2023-08-01,0.0,0,1.2571428571428571,0,50.8848,50.8848,22.628571428571426,28.256228571428572,0
2023-08-06,NA-US-TX-KOL-18th,40cb78af-5b18-4044-82af-8751b9c34b58,50,1794.23,1794.23,2.55,2023-07-31,2023-08-01,45.9,20,1.4285714285714286,1,71.7692,25.8692,25.714285714285715,46.05491428571428,0
2023-08-07,NA-US-CA(N)-NH-Ruff (Kitchens),905cbe43-327f-4d3e-a897-48ee81a64ade,453,14524.41,14041.45,17.466667,2023-08-07,2023-08-01,314.400006,26,12.942857142857143,1,580.9764,266.576394,232.9714285714286,348.0049714285714,0
2023-08-07,NA-US-CO-DEN-Aurora,2019e0f4-7fd8-47fd-a858-9e5c4b409a39,50,1618.8600000000001,1402.9,0.0,2023-08-07,2023-08-01,0.0,0,1.4285714285714286,0,64.7544,64.7544,25.714285714285715,39.04011428571429,0
2023-08-07,NA-US-IL-DUN-Avondale,54341152-da81-4b58-8ba3-8604bc1ff2dc,658,20194.67,16481.58,14.25,2023-08-07,2023-08-01,256.5,47,18.8,0,807.7868,551.2868,338.40000000000003,469.38679999999994,0
2023-08-07,NA-US-NG-OTT-Tempe (Kitchens) (correct),a9eb0fc1-7699-43b4-bd4c-6bb5b8195a87,388,11075.95,9465.39,13.166667,2023-08-07,2023-08-01,237.000006,30,11.085714285714285,1,443.038,206.037994,199.54285714285714,243.49514285714287,0
2023-08-07,NA-US-OD-5th (correct),54d4375f-4c79-4444-ad83-f54362c08198,455,14331.98,12546.98,9.866666,2023-08-07,2023-08-01,177.599988,47,13.0,0,573.2792,395.67921199999995,234.0,339.27919999999995,0
2023-08-07,NA-US-TUCS-SA-Lombrano (Correct),ee395d7f-589b-4208-a745-90a8a0aa3bfd,78,2097.0,2037.0,0.0,2023-08-07,2023-08-01,0.0,0,2.2285714285714286,0,83.88,83.88,40.114285714285714,43.76571428571428,0
2023-08-07,NA-US-TX-KOL-18th,40cb78af-5b18-4044-82af-8751b9c34b58,78,2324.95,2286.79,0.0,2023-08-07,2023-08-01,0.0,0,2.2285714285714286,0,92.99799999999999,92.99799999999999,40.114285714285714,52.88371428571428,0
2023-08-08,NA-US-CA(N)-NH-Ruff (Kitchens),905cbe43-327f-4d3e-a897-48ee81a64ade,505,14837.16,14329.64,18.733334,2023-08-07,2023-08-01,337.200012,27,14.428571428571429,1,593.4864,256.286388,259.7142857142857,333.7721142857143,0
2023-08-08,NA-US-CO-DEN-Aurora,2019e0f4-7fd8-47fd-a858-9e5c4b409a39,25,802.35,662.47,6.866667,2023-08-07,2023-08-01,123.600006,4,0.7142857142857143,1,32.094,-91.50600599999999,12.857142857142858,19.236857142857144,1
2023-08-08,NA-US-IL-DUN-Avondale,54341152-da81-4b58-8ba3-8604bc1ff2dc,630,18636.15,15053.85,13.483334,2023-08-07,2023-08-01,242.700012,47,18.0,0,745.446,502.745988,324.0,421.446,0
2023-08-08,NA-US-NG-OTT-Tempe (Kitchens) (correct),a9eb0fc1-7699-43b4-bd4c-6bb5b8195a87,471,14014.789999999999,11939.29,13.9,2023-08-07,2023-08-01,250.20000000000002,34,13.457142857142857,1,560.5916,310.3915999999999,242.22857142857143,318.3630285714286,0
2023-08-08,NA-US-OD-5th (correct),54d4375f-4c79-4444-ad83-f54362c08198,459,13356.6,11787.41,9.7,2023-08-07,2023-08-01,174.6,48,13.114285714285714,0,534.264,359.664,236.05714285714285,298.2068571428572,0
2023-08-08,NA-US-TUCS-SA-Lombrano (Correct),ee395d7f-589b-4208-a745-90a8a0aa3bfd,81,1999.09,1999.09,7.766667,2023-08-07,2023-08-01,139.800006,11,2.3142857142857145,1,79.9636,-59.836406,41.65714285714286,38.30645714285714,1
2023-08-08,NA-US-TX-KOL-18th,40cb78af-5b18-4044-82af-8751b9c34b58,57,1464.94,1427.21,0.0,2023-08-07,2023-08-01,0.0,0,1.6285714285714286,0,58.5976,58.5976,29.314285714285713,29.283314285714287,0
2023-08-09,NA-US-CA(N)-NH-Ruff (Kitchens),905cbe43-327f-4d3e-a897-48ee81a64ade,529,15736.24,15337.92,18.466667,2023-08-07,2023-08-01,332.400006,29,15.114285714285714,1,629.4496,297.049594,272.0571428571428,357.3924571428572,0
2023-08-09,NA-US-CO-DEN-Aurora,2019e0f4-7fd8-47fd-a858-9e5c4b409a39,32,1019.44,880.28,6.133333,2023-08-07,2023-08-01,110.399994,6,0.9142857142857143,1,40.7776,-69.62239400000001,16.457142857142856,24.320457142857144,1
2023-08-09,NA-US-IL-DUN-Avondale,54341152-da81-4b58-8ba3-8604bc1ff2dc,716,26004.26,21713.829999999998,12.333334,2023-08-07,2023-08-01,222.00001200000003,59,20.457142857142856,0,1040.1704,818.170388,368.2285714285714,671.9418285714286,0
2023-08-09,NA-US-NG-OTT-Tempe (Kitchens) (correct),a9eb0fc1-7699-43b4-bd4c-6bb5b8195a87,545,15813.73,13428.15,22.483333,2023-08-07,2023-08-01,404.69999399999995,25,15.571428571428571,1,632.5492,227.8492060000001,280.2857142857143,352.26348571428576,0
2023-08-09,NA-US-OD-5th (correct),54d4375f-4c79-4444-ad83-f54362c08198,468,13850.93,12409.55,22.633333,2023-08-07,2023-08-01,407.399994,21,13.371428571428572,1,554.0372,146.637206,240.68571428571428,313.3514857142857,0
2023-08-09,NA-US-TUCS-SA-Lombrano (Correct),ee395d7f-589b-4208-a745-90a8a0aa3bfd,52,1350.35,1321.35,8.616667,2023-08-07,2023-08-01,155.100006,7,1.4857142857142858,1,54.013999999999996,-101.08600600000001,26.742857142857144,27.271142857142852,1
2023-08-09,NA-US-TX-KOL-18th,40cb78af-5b18-4044-82af-8751b9c34b58,68,2043.71,2002.6399999999999,0.0,2023-08-07,2023-08-01,0.0,0,1.9428571428571428,0,81.7484,81.7484,34.97142857142857,46.776971428571436,0
2023-08-10,NA-US-CA(N)-NH-Ruff (Kitchens),905cbe43-327f-4d3e-a897-48ee81a64ade,508,16170.14,15779.13,18.416666,2023-08-07,2023-08-01,331.499988,28,14.514285714285714,1,646.8056,315.30561200000005,261.25714285714287,385.54845714285716,0
2023-08-10,NA-US-CO-DEN-Aurora,2019e0f4-7fd8-47fd-a858-9e5c4b409a39,36,1028.48,879.1800000000001,4.616667,2023-08-07,2023-08-01,83.100006,8,1.0285714285714285,1,41.1392,-41.96080599999999,18.514285714285712,22.62491428571429,1
2023-08-10,NA-US-IL-DUN-Avondale,54341152-da81-4b58-8ba3-8604bc1ff2dc,703,21643.08,17763.79,12.45,2023-08-07,2023-08-01,224.1,57,20.085714285714285,0,865.7232000000001,641.6232000000001,361.54285714285714,504.180342857143,0
2023-08-10,NA-US-NG-OTT-Tempe (Kitchens) (correct),a9eb0fc1-7699-43b4-bd4c-6bb5b8195a87,601,17695.31,14697.89,25.983334,2023-08-07,2023-08-01,467.700012,24,17.17142857142857,1,707.8124,240.112388,309.0857142857143,398.72668571428574,0
2023-08-10,NA-US-OD-5th (correct),54d4375f-4c79-4444-ad83-f54362c08198,525,15628.28,13922.15,19.816666,2023-08-07,2023-08-01,356.699988,27,15.0,1,625.1312,268.431212,270.0,355.13120000000004,0
2023-08-10,NA-US-TUCS-SA-Lombrano (Correct),ee395d7f-589b-4208-a745-90a8a0aa3bfd,52,1399.72,1371.72,7.85,2023-08-07,2023-08-01,141.29999999999998,7,1.4857142857142858,1,55.988800000000005,-85.31119999999999,26.742857142857144,29.24594285714286,1
2023-08-10,NA-US-TX-KOL-18th,40cb78af-5b18-4044-82af-8751b9c34b58,79,2519.36,2499.36,0.0,2023-08-07,2023-08-01,0.0,0,2.257142857142857,0,100.77440000000001,100.77440000000001,40.628571428571426,60.14582857142859,0
2023-08-11,NA-US-CA(N)-NH-Ruff (Kitchens),905cbe43-327f-4d3e-a897-48ee81a64ade,485,14796.53,14458.2,25.183334,2023-08-07,2023-08-01,453.300012,20,13.857142857142858,1,591.8612,138.56118800000007,249.42857142857144,342.4326285714286,0
2023-08-11,NA-US-CO-DEN-Aurora,2019e0f4-7fd8-47fd-a858-9e5c4b409a39,62,2022.97,1740.0900000000001,6.966667,2023-08-07,2023-08-01,125.400006,9,1.7714285714285714,1,80.9188,-44.481206,31.885714285714286,49.03308571428572,1
2023-08-11,NA-US-IL-DUN-Avondale,54341152-da81-4b58-8ba3-8604bc1ff2dc,776,24005.03,19412.05,13.4,2023-08-07,2023-08-01,241.20000000000002,58,22.17142857142857,0,960.2012,719.0011999999999,399.0857142857143,561.1154857142857,0
2023-08-11,NA-US-NG-OTT-Tempe (Kitchens) (correct),a9eb0fc1-7699-43b4-bd4c-6bb5b8195a87,598,18467.44,15537.13,23.316667,2023-08-07,2023-08-01,419.700006,26,17.085714285714285,1,738.6976,318.997594,307.54285714285714,431.1547428571428,0
2023-08-11,NA-US-OD-5th (correct),54d4375f-4c79-4444-ad83-f54362c08198,559,17983.68,16151.47,21.433333,2023-08-07,2023-08-01,385.799994,27,15.971428571428572,1,719.3472,333.547206,287.48571428571427,431.8614857142858,0
2023-08-11,NA-US-TUCS-SA-Lombrano (Correct),ee395d7f-589b-4208-a745-90a8a0aa3bfd,70,1920.71,1870.73,8.1,2023-08-07,2023-08-01,145.79999999999998,9,2.0,1,76.8284,-68.97159999999998,36.0,40.8284,1
2023-08-11,NA-US-TX-KOL-18th,40cb78af-5b18-4044-82af-8751b9c34b58,83,2285.06,2251.15,11.316667,2023-08-07,2023-08-01,203.700006,8,2.3714285714285714,1,91.4024,-112.297606,42.68571428571428,48.71668571428572,1
2023-08-12,NA-US-CA(N)-NH-Ruff (Kitchens),905cbe43-327f-4d3e-a897-48ee81a64ade,443,15582.65,15278.34,21.65,2023-08-07,2023-08-01,389.7,21,12.657142857142857,1,623.306,233.60600000000005,227.82857142857142,395.4774285714286,0
2023-08-12,NA-US-CO-DEN-Aurora,2019e0f4-7fd8-47fd-a858-9e5c4b409a39,51,1577.43,1398.42,0.0,2023-08-07,2023-08-01,0.0,0,1.457142857142857,0,63.0972,63.0972,26.228571428571428,36.86862857142857,0
2023-08-12,NA-US-IL-DUN-Avondale,54341152-da81-4b58-8ba3-8604bc1ff2dc,745,22201.75,18636.59,14.449999,2023-08-07,2023-08-01,260.099982,52,21.285714285714285,0,888.07,627.970018,383.1428571428571,504.92714285714294,0
2023-08-12,NA-US-NG-OTT-Tempe (Kitchens) (correct),a9eb0fc1-7699-43b4-bd4c-6bb5b8195a87,595,17208.74,14286.98,21.6,2023-08-07,2023-08-01,388.8,28,17.0,1,688.3496000000001,299.5496000000001,306.0,382.3496000000001,0
2023-08-12,NA-US-OD-5th (correct),54d4375f-4c79-4444-ad83-f54362c08198,460,15049.2,13070.05,13.683334,2023-08-07,2023-08-01,246.300012,34,13.142857142857142,1,601.9680000000001,355.66798800000004,236.57142857142856,365.3965714285715,0
2023-08-12,NA-US-TUCS-SA-Lombrano (Correct),ee395d7f-589b-4208-a745-90a8a0aa3bfd,52,1494.73,1471.73,6.883333,2023-08-07,2023-08-01,123.899994,8,1.4857142857142858,1,59.7892,-64.110794,26.742857142857144,33.04634285714286,1
2023-08-12,NA-US-TX-KOL-18th,40cb78af-5b18-4044-82af-8751b9c34b58,114,3719.4700000000003,3683.5,10.3,2023-08-07,2023-08-01,185.4,12,3.257142857142857,1,148.77880000000002,-36.62119999999999,58.628571428571426,90.15022857142858,1
2023-08-13,NA-US-CA(N)-NH-Ruff (Kitchens),905cbe43-327f-4d3e-a897-48ee81a64ade,437,15087.36,14426.87,16.483333,2023-08-07,2023-08-01,296.69999399999995,27,12.485714285714286,1,603.4944,306.7944060000001,224.74285714285713,378.7515428571429,0
2023-08-13,NA-US-CO-DEN-Aurora,2019e0f4-7fd8-47fd-a858-9e5c4b409a39,64,2104.66,1936.54,5.45,2023-08-07,2023-08-01,98.10000000000001,12,1.8285714285714285,1,84.18639999999999,-13.913600000000017,32.91428571428571,51.27211428571428,1
2023-08-13,NA-US-IL-DUN-Avondale,54341152-da81-4b58-8ba3-8604bc1ff2dc,779,23475.49,19577.79,13.216667,2023-08-07,2023-08-01,237.900006,59,22.257142857142856,0,939.0196000000001,701.1195940000001,400.62857142857143,538.3910285714287,0
2023-08-13,NA-US-NG-OTT-Tempe (Kitchens) (correct),a9eb0fc1-7699-43b4-bd4c-6bb5b8195a87,625,19378.49,15953.85,24.183333,2023-08-07,2023-08-01,435.299994,26,17.857142857142858,1,775.1396000000001,339.83960600000006,321.42857142857144,453.71102857142864,0
2023-08-13,NA-US-OD-5th (correct),54d4375f-4c79-4444-ad83-f54362c08198,509,16435.27,14358.66,17.6,2023-08-07,2023-08-01,316.8,29,14.542857142857143,1,657.4108,340.6108,261.77142857142854,395.63937142857145,0
2023-08-13,NA-US-TUCS-SA-Lombrano (Correct),ee395d7f-589b-4208-a745-90a8a0aa3bfd,53,1694.92,1671.92,0.0,2023-08-07,2023-08-01,0.0,0,1.5142857142857142,0,67.7968,67.7968,27.257142857142856,40.53965714285715,0
2023-08-13,NA-US-TX-KOL-18th,40cb78af-5b18-4044-82af-8751b9c34b58,94,3398.79,3398.79,6.783333,2023-08-07,2023-08-01,122.099994,14,2.6857142857142855,1,135.9516,13.851606000000018,48.34285714285714,87.60874285714287,0
2023-08-14,NA-US-CA(N)-NH-Ruff (Kitchens),905cbe43-327f-4d3e-a897-48ee81a64ade,456,12876.65,12498.15,24.416667,2023-08-14,2023-08-01,439.500006,19,13.028571428571428,1,515.066,75.56599400000005,234.5142857142857,280.5517142857143,0
2023-08-14,NA-US-CO-DEN-Aurora,2019e0f4-7fd8-47fd-a858-9e5c4b409a39,42,1359.65,1122.62,3.1,2023-08-14,2023-08-01,55.800000000000004,14,1.2,1,54.386,-1.4140000000000015,21.599999999999998,32.786,1
2023-08-14,NA-US-IL-DUN-Avondale,54341152-da81-4b58-8ba3-8604bc1ff2dc,679,20660.76,16559.67,12.283333,2023-08-14,2023-08-01,221.099994,56,19.4,0,826.4304,605.3304059999999,349.2,477.2304,0
2023-08-14,NA-US-NG-OTT-Tempe (Kitchens) (correct),a9eb0fc1-7699-43b4-bd4c-6bb5b8195a87,505,14809.28,11951.01,13.166667,2023-08-14,2023-08-01,237.000006,39,14.428571428571429,0,592.3712,355.37119400000006,259.7142857142857,332.6569142857143,0
2023-08-14,NA-US-OD-5th (correct),54d4375f-4c79-4444-ad83-f54362c08198,431,11792.56,10268.06,15.566666,2023-08-14,2023-08-01,280.199988,28,12.314285714285715,1,471.7024,191.502412,221.65714285714287,250.04525714285714,0
2023-08-14,NA-US-TUCS-SA-Lombrano (Correct),ee395d7f-589b-4208-a745-90a8a0aa3bfd,55,1495.26,1495.26,0.0,2023-08-14,2023-08-01,0.0,0,1.5714285714285714,0,59.8104,59.8104,28.285714285714285,31.524685714285717,0
2023-08-14,NA-US-TX-KOL-18th,40cb78af-5b18-4044-82af-8751b9c34b58,63,2033.48,1763.51,10.583333,2023-08-14,2023-08-01,190.499994,6,1.8,1,81.3392,-109.16079399999998,32.4,48.93920000000001,1
2023-08-15,NA-US-CA(N)-NH-Ruff (Kitchens),905cbe43-327f-4d3e-a897-48ee81a64ade,554,16026.97,15743.86,25.033333,2023-08-14,2023-08-01,450.599994,23,15.82857142857143,1,641.0788,190.47880600000002,284.9142857142857,356.1645142857143,0
2023-08-15,NA-US-CO-DEN-Aurora,2019e0f4-7fd8-47fd-a858-9e5c4b409a39,18,626.32,551.59,7.416667,2023-08-14,2023-08-01,133.500006,3,0.5142857142857142,1,25.0528,-108.44720600000001,9.257142857142856,15.795657142857145,1
2023-08-15,NA-US-IL-DUN-Avondale,54341152-da81-4b58-8ba3-8604bc1ff2dc,638,18258.69,15380.61,14.3,2023-08-14,2023-08-01,257.40000000000003,45,18.228571428571428,0,730.3475999999999,472.9475999999999,328.1142857142857,402.23331428571424,0
2023-08-15,NA-US-NG-OTT-Tempe (Kitchens) (correct),a9eb0fc1-7699-43b4-bd4c-6bb5b8195a87,498,14684.25,11983.61,13.216667,2023-08-14,2023-08-01,237.900006,38,14.228571428571428,0,587.37,349.46999400000004,256.1142857142857,331.2557142857143,0
2023-08-15,NA-US-OD-5th (correct),54d4375f-4c79-4444-ad83-f54362c08198,444,13533.61,11849.73,13.233334,2023-08-14,2023-08-01,238.200012,34,12.685714285714285,1,541.3444000000001,303.14438800000005,228.34285714285713,313.0015428571429,0
2023-08-15,NA-US-TUCS-SA-Lombrano (Correct),ee395d7f-589b-4208-a745-90a8a0aa3bfd,58,1782.6799999999998,1735.8899999999999,8.0,2023-08-14,2023-08-01,144.0,8,1.6571428571428573,1,71.3072,-72.6928,29.82857142857143,41.478628571428565,1
2023-08-15,NA-US-TX-KOL-18th,40cb78af-5b18-4044-82af-8751b9c34b58,44,1175.98,1141.22,0.0,2023-08-14,2023-08-01,0.0,0,1.2571428571428571,0,47.0392,47.0392,22.628571428571426,24.410628571428575,0
2023-08-16,NA-US-CA(N)-NH-Ruff (Kitchens),905cbe43-327f-4d3e-a897-48ee81a64ade,537,15948.88,15611.17,12.716667,2023-08-14,2023-08-01,228.900006,43,15.342857142857143,0,637.9552,409.05519400000003,276.1714285714286,361.7837714285714,0
2023-08-16,NA-US-CO-DEN-Aurora,2019e0f4-7fd8-47fd-a858-9e5c4b409a39,44,1369.51,1183.71,4.566667,2023-08-14,2023-08-01,82.200006,10,1.2571428571428571,1,54.7804,-27.419606,22.628571428571426,32.151828571428574,1
2023-08-16,NA-US-IL-DUN-Avondale,54341152-da81-4b58-8ba3-8604bc1ff2dc,675,20527.64,16356.78,11.966666,2023-08-14,2023-08-01,215.399988,57,19.285714285714285,0,821.1056,605.705612,347.1428571428571,473.96274285714287,0
2023-08-16,NA-US-NG-OTT-Tempe (Kitchens) (correct),a9eb0fc1-7699-43b4-bd4c-6bb5b8195a87,629,18089.14,14971.86,25.300001,2023-08-14,2023-08-01,455.40001800000005,25,17.97142857142857,1,723.5656,268.165582,323.48571428571427,400.07988571428575,0
2023-08-16,NA-US-OD-5th (correct),54d4375f-4c79-4444-ad83-f54362c08198,512,15182.13,13270.93,21.3,2023-08-14,2023-08-01,383.40000000000003,25,14.628571428571428,1,607.2852,223.8852,263.3142857142857,343.97091428571434,0
2023-08-16,NA-US-TUCS-SA-Lombrano (Correct),ee395d7f-589b-4208-a745-90a8a0aa3bfd,76,2157.47,2123.48,5.633333,2023-08-14,2023-08-01,101.399994,14,2.1714285714285713,1,86.2988,-15.101194000000007,39.08571428571428,47.21308571428572,1
2023-08-16,NA-US-TX-KOL-18th,40cb78af-5b18-4044-82af-8751b9c34b58,80,2103.41,1914.04,8.35,2023-08-14,2023-08-01,150.29999999999998,10,2.2857142857142856,1,84.1364,-66.16359999999999,41.14285714285714,42.993542857142856,1
2023-08-17,NA-US-CA(N)-NH-Ruff (Kitchens),905cbe43-327f-4d3e-a897-48ee81a64ade,476,15505.96,15252.49,17.166667,2023-08-14,2023-08-01,309.000006,28,13.6,1,620.2384,311.23839399999997,244.79999999999998,375.4384,0
2023-08-17,NA-US-CO-DEN-Aurora,2019e0f4-7fd8-47fd-a858-9e5c4b409a39,42,1115.39,971.77,5.65,2023-08-14,2023-08-01,101.7,8,1.2,1,44.61560000000001,-57.084399999999995,21.599999999999998,23.01560000000001,1
2023-08-17,NA-US-IL-DUN-Avondale,54341152-da81-4b58-8ba3-8604bc1ff2dc,681,20176.04,16226.39,12.333333,2023-08-14,2023-08-01,221.999994,56,19.457142857142856,0,807.0416,585.041606,350.2285714285714,456.8130285714286,0
2023-08-17,NA-US-NG-OTT-Tempe (Kitchens) (correct),a9eb0fc1-7699-43b4-bd4c-6bb5b8195a87,607,16110.97,14949.56,25.633334,2023-08-14,2023-08-01,461.400012,24,17.34285714285714,1,644.4388,183.038788,312.1714285714286,332.26737142857144,0
2023-08-17,NA-US-OD-5th (correct),54d4375f-4c79-4444-ad83-f54362c08198,504,14810.76,13246.25,11.683334,2023-08-14,2023-08-01,210.300012,44,14.4,0,592.4304000000001,382.13038800000004,259.2,333.2304000000001,0
2023-08-17,NA-US-TUCS-SA-Lombrano (Correct),ee395d7f-589b-4208-a745-90a8a0aa3bfd,73,1630.87,1602.87,7.583333,2023-08-14,2023-08-01,136.499994,10,2.085714285714286,1,65.23479999999999,-71.265194,37.542857142857144,27.69194285714285,1
2023-08-17,NA-US-TX-KOL-18th,40cb78af-5b18-4044-82af-8751b9c34b58,64,1839.76,1584.78,10.933333,2023-08-14,2023-08-01,196.799994,6,1.8285714285714285,1,73.5904,-123.209594,32.91428571428571,40.67611428571429,1
2023-08-18,NA-US-CA(N)-NH-Ruff (Kitchens),905cbe43-327f-4d3e-a897-48ee81a64ade,539,17379.93,16807.7,14.45,2023-08-14,2023-08-01,260.09999999999997,38,15.4,0,695.1972000000001,435.0972000000001,277.2,417.9972000000001,0
2023-08-18,NA-US-CO-DEN-Aurora,2019e0f4-7fd8-47fd-a858-9e5c4b409a39,60,2398.12,2171.35,4.25,2023-08-14,2023-08-01,76.5,15,1.7142857142857142,1,95.9248,19.424800000000005,30.857142857142854,65.06765714285714,0
2023-08-18,NA-US-IL-DUN-Avondale,54341152-da81-4b58-8ba3-8604bc1ff2dc,811,25393.33,20878.04,16.366666,2023-08-14,2023-08-01,294.599988,50,23.17142857142857,0,1015.7332000000001,721.1332120000002,417.0857142857143,598.6474857142858,0
2023-08-18,NA-US-NG-OTT-Tempe (Kitchens) (correct),a9eb0fc1-7699-43b4-bd4c-6bb5b8195a87,684,20574.81,16563.93,27.966666,2023-08-14,2023-08-01,503.399988,25,19.542857142857144,1,822.9924000000001,319.5924120000001,351.7714285714286,471.2209714285715,0
2023-08-18,NA-US-OD-5th (correct),54d4375f-4c79-4444-ad83-f54362c08198,529,16179.01,14660.0,21.483334,2023-08-14,2023-08-01,386.700012,25,15.114285714285714,1,647.1604,260.46038799999997,272.0571428571428,375.10325714285716,0
2023-08-18,NA-US-TUCS-SA-Lombrano (Correct),ee395d7f-589b-4208-a745-90a8a0aa3bfd,75,2206.92,2152.93,7.533333,2023-08-14,2023-08-01,135.599994,10,2.142857142857143,1,88.27680000000001,-47.323194,38.57142857142857,49.70537142857144,1
2023-08-18,NA-US-TX-KOL-18th,40cb78af-5b18-4044-82af-8751b9c34b58,87,2651.96,2371.95,9.0,2023-08-14,2023-08-01,162.0,10,2.4857142857142858,1,106.0784,-55.9216,44.74285714285715,61.335542857142855,1
2023-08-19,NA-US-CA(N)-NH-Ruff (Kitchens),905cbe43-327f-4d3e-a897-48ee81a64ade,503,17469.36,16966.39,16.45,2023-08-14,2023-08-01,296.09999999999997,31,14.371428571428572,1,698.7744,402.67440000000005,258.6857142857143,440.0886857142857,0
2023-08-19,NA-US-CO-DEN-Aurora,2019e0f4-7fd8-47fd-a858-9e5c4b409a39,54,1573.49,1400.81,0.0,2023-08-14,2023-08-01,0.0,0,1.542857142857143,0,62.9396,62.9396,27.771428571428572,35.168171428571426,0
2023-08-19,NA-US-IL-DUN-Avondale,54341152-da81-4b58-8ba3-8604bc1ff2dc,717,22843.92,18287.4,14.45,2023-08-14,2023-08-01,260.09999999999997,50,20.485714285714284,0,913.7568,653.6568,368.74285714285713,545.0139428571429,0
2023-08-19,NA-US-NG-OTT-Tempe (Kitchens) (correct),a9eb0fc1-7699-43b4-bd4c-6bb5b8195a87,668,20276.2,16328.98,23.3,2023-08-14,2023-08-01,419.40000000000003,29,19.085714285714285,1,811.048,391.64799999999997,343.54285714285714,467.50514285714286,0
2023-08-19,NA-US-OD-5th (correct),54d4375f-4c79-4444-ad83-f54362c08198,471,15293.0,13694.0,12.383334,2023-08-14,2023-08-01,222.900012,39,13.457142857142857,0,611.72,388.819988,242.22857142857143,369.4914285714286,0
2023-08-19,NA-US-TUCS-SA-Lombrano (Correct),ee395d7f-589b-4208-a745-90a8a0aa3bfd,70,2016.51,1988.51,8.1,2023-08-14,2023-08-01,145.79999999999998,9,2.0,1,80.6604,-65.13959999999999,36.0,44.660399999999996,1
2023-08-19,NA-US-TX-KOL-18th,40cb78af-5b18-4044-82af-8751b9c34b58,93,3165.48,2660.71,3.3,2023-08-14,2023-08-01,59.4,29,2.657142857142857,1,126.6192,67.2192,47.82857142857143,78.79062857142858,0
2023-08-20,NA-US-CA(N)-NH-Ruff (Kitchens),905cbe43-327f-4d3e-a897-48ee81a64ade,426,14726.51,14210.75,11.6,2023-08-14,2023-08-01,208.79999999999998,37,12.17142857142857,0,589.0604000000001,380.2604000000001,219.0857142857143,369.9746857142858,0
2023-08-20,NA-US-CO-DEN-Aurora,2019e0f4-7fd8-47fd-a858-9e5c4b409a39,72,2093.16,1900.57,3.9,2023-08-14,2023-08-01,70.2,19,2.057142857142857,1,83.7264,13.526399999999995,37.028571428571425,46.69782857142857,0
2023-08-20,NA-US-IL-DUN-Avondale,54341152-da81-4b58-8ba3-8604bc1ff2dc,755,23820.58,19585.78,12.7,2023-08-14,2023-08-01,228.6,60,21.571428571428573,0,952.8232,724.2232,388.28571428571433,564.5374857142857,0
2023-08-20,NA-US-NG-OTT-Tempe (Kitchens) (correct),a9eb0fc1-7699-43b4-bd4c-6bb5b8195a87,695,21644.8,18017.17,17.266667,2023-08-14,2023-08-01,310.80000600000005,41,19.857142857142858,0,865.792,554.991994,357.42857142857144,508.3634285714286,0
2023-08-20,NA-US-OD-5th (correct),54d4375f-4c79-4444-ad83-f54362c08198,600,17481.21,15811.66,9.783333,2023-08-14,2023-08-01,176.099994,62,17.142857142857142,0,699.2484,523.1484059999999,308.57142857142856,390.6769714285714,0
2023-08-20,NA-US-TUCS-SA-Lombrano (Correct),ee395d7f-589b-4208-a745-90a8a0aa3bfd,47,1401.99,1401.99,0.0,2023-08-14,2023-08-01,0.0,0,1.3428571428571427,0,56.0796,56.0796,24.17142857142857,31.90817142857143,0
2023-08-20,NA-US-TX-KOL-18th,40cb78af-5b18-4044-82af-8751b9c34b58,89,3651.6400000000003,2937.6400000000003,0.0,2023-08-14,2023-08-01,0.0,0,2.5428571428571427,0,146.06560000000002,146.06560000000002,45.77142857142857,100.29417142857145,0
2023-08-21,NA-US-CA(N)-NH-Ruff (Kitchens),905cbe43-327f-4d3e-a897-48ee81a64ade,453,14847.39,14540.29,27.966667,2023-08-21,2023-08-01,503.400006,17,12.942857142857143,1,593.8956,90.49559399999993,232.9714285714286,360.92417142857136,0
2023-08-21,NA-US-CO-DEN-Aurora,2019e0f4-7fd8-47fd-a858-9e5c4b409a39,37,1281.69,1140.64,0.45,2023-08-21,2023-08-01,8.1,83,1.0571428571428572,0,51.2676,43.1676,19.02857142857143,32.23902857142858,0
2023-08-21,NA-US-IL-DUN-Avondale,54341152-da81-4b58-8ba3-8604bc1ff2dc,646,19251.34,15657.56,13.3,2023-08-21,2023-08-01,239.4,49,18.457142857142856,0,770.0536000000001,530.6536000000001,332.2285714285714,437.8250285714287,0
2023-08-21,NA-US-NG-OTT-Tempe (Kitchens) (correct),a9eb0fc1-7699-43b4-bd4c-6bb5b8195a87,513,15189.93,11821.12,18.25,2023-08-21,2023-08-01,328.5,29,14.657142857142857,1,607.5972,279.09720000000004,263.8285714285714,343.7686285714286,0
2023-08-21,NA-US-OD-5th (correct),54d4375f-4c79-4444-ad83-f54362c08198,395,12233.93,11253.69,7.8,2023-08-21,2023-08-01,140.4,51,11.285714285714286,0,489.35720000000003,348.95720000000006,203.14285714285717,286.21434285714287,0
2023-08-21,NA-US-TUCS-SA-Lombrano (Correct),ee395d7f-589b-4208-a745-90a8a0aa3bfd,54,1404.84,1353.84,0.0,2023-08-21,2023-08-01,0.0,0,1.542857142857143,0,56.193599999999996,56.193599999999996,27.771428571428572,28.422171428571424,0
2023-08-21,NA-US-TX-KOL-18th,40cb78af-5b18-4044-82af-8751b9c34b58,77,2306.67,2089.7200000000003,0.0,2023-08-21,2023-08-01,0.0,0,2.2,0,92.2668,92.2668,39.6,52.6668,0
2023-08-22,NA-US-CA(N)-NH-Ruff (Kitchens),905cbe43-327f-4d3e-a897-48ee81a64ade,505,14537.85,14198.75,27.2,2023-08-21,2023-08-01,489.59999999999997,19,14.428571428571429,1,581.514,91.91400000000004,259.7142857142857,321.7997142857143,0
2023-08-22,NA-US-CO-DEN-Aurora,2019e0f4-7fd8-47fd-a858-9e5c4b409a39,21,675.5799999999999,540.6999999999999,7.383333,2023-08-21,2023-08-01,132.899994,3,0.6,1,27.0232,-105.87679399999999,10.799999999999999,16.2232,1
2023-08-22,NA-US-IL-DUN-Avondale,54341152-da81-4b58-8ba3-8604bc1ff2dc,675,20018.5,16198.42,14.266667,2023-08-21,2023-08-01,256.800006,48,19.285714285714285,0,800.74,543.9399940000001,347.1428571428571,453.5971428571429,0
2023-08-22,NA-US-NG-OTT-Tempe (Kitchens) (correct),a9eb0fc1-7699-43b4-bd4c-6bb5b8195a87,614,17221.329999999998,13877.58,15.883334,2023-08-21,2023-08-01,285.900012,39,17.542857142857144,0,688.8531999999999,402.9531879999999,315.7714285714286,373.0817714285713,0
2023-08-22,NA-US-OD-5th (correct),54d4375f-4c79-4444-ad83-f54362c08198,460,14898.38,13546.8,13.183333,2023-08-21,2023-08-01,237.299994,35,13.142857142857142,1,595.9352,358.63520600000004,236.57142857142856,359.36377142857145,0
2023-08-22,NA-US-TUCS-SA-Lombrano (Correct),ee395d7f-589b-4208-a745-90a8a0aa3bfd,76,2095.21,2048.73,8.883333,2023-08-21,2023-08-01,159.899994,9,2.1714285714285713,1,83.8084,-76.09159399999999,39.08571428571428,44.722685714285724,1
2023-08-22,NA-US-TX-KOL-18th,40cb78af-5b18-4044-82af-8751b9c34b58,39,1107.33,1021.85,0.0,2023-08-21,2023-08-01,0.0,0,1.1142857142857143,0,44.2932,44.2932,20.057142857142857,24.236057142857142,0
2023-08-23,NA-US-CA(N)-NH-Ruff (Kitchens),905cbe43-327f-4d3e-a897-48ee81a64ade,505,15226.01,14771.19,28.233334,2023-08-21,2023-08-01,508.200012,18,14.428571428571429,1,609.0404,100.84038799999996,259.7142857142857,349.32611428571425,0
2023-08-23,NA-US-CO-DEN-Aurora,2019e0f4-7fd8-47fd-a858-9e5c4b409a39,46,1596.22,1430.08,5.7,2023-08-21,2023-08-01,102.60000000000001,9,1.3142857142857143,1,63.848800000000004,-38.751200000000004,23.65714285714286,40.191657142857146,1
2023-08-23,NA-US-IL-DUN-Avondale,54341152-da81-4b58-8ba3-8604bc1ff2dc,716,22393.83,18372.01,15.966667,2023-08-21,2023-08-01,287.40000599999996,45,20.457142857142856,0,895.7532000000001,608.3531940000001,368.2285714285714,527.5246285714287,0
2023-08-23,NA-US-NG-OTT-Tempe (Kitchens) (correct),a9eb0fc1-7699-43b4-bd4c-6bb5b8195a87,555,15870.82,13233.44,26.433334,2023-08-21,2023-08-01,475.800012,21,15.857142857142858,1,634.8328,159.03278800000004,285.42857142857144,349.4042285714286,0
2023-08-23,NA-US-OD-5th (correct),54d4375f-4c79-4444-ad83-f54362c08198,473,15168.25,13675.64,25.75,2023-08-21,2023-08-01,463.5,19,13.514285714285714,1,606.73,143.23000000000002,243.25714285714287,363.47285714285715,0
2023-08-23,NA-US-TUCS-SA-Lombrano (Correct),ee395d7f-589b-4208-a745-90a8a0aa3bfd,79,2082.21,2015.96,7.9,2023-08-21,2023-08-01,142.20000000000002,10,2.257142857142857,1,83.28840000000001,-58.91160000000001,40.628571428571426,42.659828571428584,1
2023-08-23,NA-US-TX-KOL-18th,40cb78af-5b18-4044-82af-8751b9c34b58,63,1699.29,1459.8,0.0,2023-08-21,2023-08-01,0.0,0,1.8,0,67.9716,67.9716,32.4,35.5716,0
2023-08-24,NA-US-CA(N)-NH-Ruff (Kitchens),905cbe43-327f-4d3e-a897-48ee81a64ade,481,14318.44,13963.61,28.583334,2023-08-21,2023-08-01,514.500012,17,13.742857142857142,1,572.7376,58.23758800000007,247.37142857142857,325.3661714285715,0
2023-08-24,NA-US-CO-DEN-Aurora,2019e0f4-7fd8-47fd-a858-9e5c4b409a39,55,1651.69,1463.37,7.55,2023-08-21,2023-08-01,135.9,8,1.5714285714285714,1,66.0676,-69.8324,28.285714285714285,37.781885714285714,1
2023-08-24,NA-US-IL-DUN-Avondale,54341152-da81-4b58-8ba3-8604bc1ff2dc,783,23368.33,19417.46,16.4,2023-08-21,2023-08-01,295.2,48,22.37142857142857,0,934.7332000000001,639.5332000000001,402.68571428571425,532.0474857142858,0
2023-08-24,NA-US-NG-OTT-Tempe (Kitchens) (correct),a9eb0fc1-7699-43b4-bd4c-6bb5b8195a87,613,17388.64,13875.89,26.133333,2023-08-21,2023-08-01,470.399994,24,17.514285714285716,1,695.5456,225.14560600000004,315.25714285714287,380.28845714285717,0
2023-08-24,NA-US-OD-5th (correct),54d4375f-4c79-4444-ad83-f54362c08198,487,15507.32,13948.23,27.516666,2023-08-21,2023-08-01,495.299988,18,13.914285714285715,1,620.2928,124.99281200000007,250.45714285714286,369.8356571428572,0
2023-08-24,NA-US-TUCS-SA-Lombrano (Correct),ee395d7f-589b-4208-a745-90a8a0aa3bfd,83,2251.05,2093.31,5.083333,2023-08-21,2023-08-01,91.49999399999999,17,2.3714285714285714,1,90.04200000000002,-1.457993999999971,42.68571428571428,47.35628571428573,1
2023-08-24,NA-US-TX-KOL-18th,40cb78af-5b18-4044-82af-8751b9c34b58,76,1736.39,1616.63,0.0,2023-08-21,2023-08-01,0.0,0,2.1714285714285713,0,69.4556,69.4556,39.08571428571428,30.369885714285722,0
2023-08-25,NA-US-CA(N)-NH-Ruff (Kitchens),905cbe43-327f-4d3e-a897-48ee81a64ade,488,15937.24,15665.59,24.5,2023-08-21,2023-08-01,441.0,20,13.942857142857143,1,637.4896,196.4896,250.9714285714286,386.5181714285714,0
2023-08-25,NA-US-CO-DEN-Aurora,2019e0f4-7fd8-47fd-a858-9e5c4b409a39,58,1948.82,1697.56,0.0,2023-08-21,2023-08-01,0.0,0,1.6571428571428573,0,77.9528,77.9528,29.82857142857143,48.12422857142857,0
2023-08-25,NA-US-IL-DUN-Avondale,54341152-da81-4b58-8ba3-8604bc1ff2dc,741,22022.61,18524.05,12.7,2023-08-21,2023-08-01,228.6,59,21.17142857142857,0,880.9044,652.3044,381.0857142857143,499.8186857142857,0
2023-08-25,NA-US-NG-OTT-Tempe (Kitchens) (correct),a9eb0fc1-7699-43b4-bd4c-6bb5b8195a87,651,19280.44,16466.43,22.2,2023-08-21,2023-08-01,399.59999999999997,30,18.6,1,771.2176,371.6176,334.8,436.41759999999994,0
2023-08-25,NA-US-OD-5th (correct),54d4375f-4c79-4444-ad83-f54362c08198,531,16230.81,14524.01,24.3,2023-08-21,2023-08-01,437.40000000000003,22,15.17142857142857,1,649.2324,211.83239999999995,273.0857142857143,376.1466857142857,0
2023-08-25,NA-US-TUCS-SA-Lombrano (Correct),ee395d7f-589b-4208-a745-90a8a0aa3bfd,85,2665.77,2552.02,7.8,2023-08-21,2023-08-01,140.4,11,2.4285714285714284,1,106.63080000000001,-33.7692,43.71428571428571,62.9165142857143,1
2023-08-25,NA-US-TX-KOL-18th,40cb78af-5b18-4044-82af-8751b9c34b58,119,3519.75,3092.1,0.0,2023-08-21,2023-08-01,0.0,0,3.4,0,140.79,140.79,61.199999999999996,79.59,0
2023-08-26,NA-US-CA(N)-NH-Ruff (Kitchens),905cbe43-327f-4d3e-a897-48ee81a64ade,449,16494.99,16193.07,21.566667,2023-08-21,2023-08-01,388.200006,21,12.82857142857143,1,659.7996,271.5995940000001,230.9142857142857,428.88531428571434,0
2023-08-26,NA-US-CO-DEN-Aurora,2019e0f4-7fd8-47fd-a858-9e5c4b409a39,62,1854.03,1679.21,0.0,2023-08-21,2023-08-01,0.0,0,1.7714285714285714,0,74.1612,74.1612,31.885714285714286,42.27548571428571,0
2023-08-26,NA-US-IL-DUN-Avondale,54341152-da81-4b58-8ba3-8604bc1ff2dc,768,24054.18,19805.11,14.216666,2023-08-21,2023-08-01,255.899988,55,21.942857142857143,0,962.1672,706.267212,394.9714285714286,567.1957714285713,0
2023-08-26,NA-US-NG-OTT-Tempe (Kitchens) (correct),a9eb0fc1-7699-43b4-bd4c-6bb5b8195a87,660,20427.36,17161.92,22.7,2023-08-21,2023-08-01,408.59999999999997,30,18.857142857142858,1,817.0944000000001,408.4944000000001,339.42857142857144,477.6658285714286,0
2023-08-26,NA-US-OD-5th (correct),54d4375f-4c79-4444-ad83-f54362c08198,466,14517.32,13014.97,12.633333,2023-08-21,2023-08-01,227.399994,37,13.314285714285715,0,580.6928,353.29280600000004,239.65714285714287,341.0356571428572,0
2023-08-26,NA-US-TUCS-SA-Lombrano (Correct),ee395d7f-589b-4208-a745-90a8a0aa3bfd,74,2078.79,2008.8,8.25,2023-08-21,2023-08-01,148.5,9,2.1142857142857143,1,83.1516,-65.3484,38.05714285714286,45.094457142857145,1
2023-08-26,NA-US-TX-KOL-18th,40cb78af-5b18-4044-82af-8751b9c34b58,127,4410.58,4005.5099999999998,0.0,2023-08-21,2023-08-01,0.0,0,3.6285714285714286,0,176.4232,176.4232,65.31428571428572,111.10891428571429,0
2023-08-27,NA-US-CA(N)-NH-Ruff (Kitchens),905cbe43-327f-4d3e-a897-48ee81a64ade,413,13927.81,13651.9,20.566667,2023-08-21,2023-08-01,370.200006,21,11.8,1,557.1124,186.912394,212.4,344.7124,0
2023-08-27,NA-US-CO-DEN-Aurora,2019e0f4-7fd8-47fd-a858-9e5c4b409a39,65,2216.18,2039.68,3.1,2023-08-21,2023-08-01,55.800000000000004,21,1.8571428571428572,1,88.6472,32.847199999999994,33.42857142857143,55.21862857142857,0
2023-08-27,NA-US-IL-DUN-Avondale,54341152-da81-4b58-8ba3-8604bc1ff2dc,741,23342.9,18618.46,13.316667,2023-08-21,2023-08-01,239.700006,56,21.17142857142857,0,933.7160000000001,694.0159940000001,381.0857142857143,552.6302857142858,0
2023-08-27,NA-US-NG-OTT-Tempe (Kitchens) (correct),a9eb0fc1-7699-43b4-bd4c-6bb5b8195a87,592,18657.88,15093.79,25.933333,2023-08-21,2023-08-01,466.799994,23,16.914285714285715,1,746.3152,279.515206,304.45714285714286,441.85805714285715,0
2023-08-27,NA-US-OD-5th (correct),54d4375f-4c79-4444-ad83-f54362c08198,493,14548.52,13077.46,16.266666,2023-08-21,2023-08-01,292.799988,31,14.085714285714285,1,581.9408000000001,289.1408120000001,253.54285714285714,328.39794285714294,0
2023-08-27,NA-US-TUCS-SA-Lombrano (Correct),ee395d7f-589b-4208-a745-90a8a0aa3bfd,45,1523.85,1523.85,0.0,2023-08-21,2023-08-01,0.0,0,1.2857142857142858,0,60.954,60.954,23.142857142857146,37.811142857142855,0
2023-08-27,NA-US-TX-KOL-18th,40cb78af-5b18-4044-82af-8751b9c34b58,82,3078.84,2863.84,0.0,2023-08-21,2023-08-01,0.0,0,2.342857142857143,0,123.15360000000001,123.15360000000001,42.17142857142857,80.98217142857143,0
2023-08-28,NA-US-CA(N)-NH-Ruff (Kitchens),905cbe43-327f-4d3e-a897-48ee81a64ade,378,11308.01,10919.98,27.9,2023-08-28,2023-08-01,502.2,14,10.8,1,452.3204,-49.87959999999998,194.4,257.9204,1
2023-08-28,NA-US-CO-DEN-Aurora,2019e0f4-7fd8-47fd-a858-9e5c4b409a39,38,1039.74,935.46,0.0,2023-08-28,2023-08-01,0.0,0,1.0857142857142856,0,41.589600000000004,41.589600000000004,19.54285714285714,22.046742857142863,0
2023-08-28,NA-US-IL-DUN-Avondale,54341152-da81-4b58-8ba3-8604bc1ff2dc,614,17740.04,14489.64,12.416667,2023-08-28,2023-08-01,223.500006,50,17.542857142857144,0,709.6016000000001,486.1015940000001,315.7714285714286,393.8301714285715,0
2023-08-28,NA-US-NG-OTT-Tempe (Kitchens) (correct),a9eb0fc1-7699-43b4-bd4c-6bb5b8195a87,509,14960.34,12256.12,13.15,2023-08-28,2023-08-01,236.70000000000002,39,14.542857142857143,0,598.4136,361.71359999999993,261.77142857142854,336.64217142857143,0
2023-08-28,NA-US-OD-5th (correct),54d4375f-4c79-4444-ad83-f54362c08198,402,11192.72,9837.94,19.533333,2023-08-28,2023-08-01,351.599994,21,11.485714285714286,1,447.7088,96.10880600000002,206.74285714285713,240.96594285714286,0
2023-08-28,NA-US-TUCS-SA-Lombrano (Correct),ee395d7f-589b-4208-a745-90a8a0aa3bfd,58,1526.6399999999999,1410.6399999999999,0.0,2023-08-28,2023-08-01,0.0,0,1.6571428571428573,0,61.065599999999996,61.065599999999996,29.82857142857143,31.237028571428567,0
2023-08-28,NA-US-TX-KOL-18th,40cb78af-5b18-4044-82af-8751b9c34b58,87,2244.25,1936.04,0.0,2023-08-28,2023-08-01,0.0,0,2.4857142857142858,0,89.77,89.77,44.74285714285715,45.02714285714285,0
2023-08-29,NA-US-CA(N)-NH-Ruff (Kitchens),905cbe43-327f-4d3e-a897-48ee81a64ade,484,14561.94,14119.56,34.466668,2023-08-28,2023-08-01,620.400024,15,13.82857142857143,1,582.4776,-37.92242399999998,248.9142857142857,333.56331428571434,1
2023-08-29,NA-US-CO-DEN-Aurora,2019e0f4-7fd8-47fd-a858-9e5c4b409a39,28,786.72,681.82,4.933333,2023-08-28,2023-08-01,88.799994,6,0.8,1,31.4688,-57.331193999999996,14.4,17.068800000000003,1
2023-08-29,NA-US-IL-DUN-Avondale,54341152-da81-4b58-8ba3-8604bc1ff2dc,619,18379.0,14952.7,11.833333,2023-08-28,2023-08-01,212.999994,53,17.685714285714287,0,735.16,522.160006,318.34285714285716,416.8171428571428,0
2023-08-29,NA-US-NG-OTT-Tempe (Kitchens) (correct),a9eb0fc1-7699-43b4-bd4c-6bb5b8195a87,545,16368.61,13575.93,18.05,2023-08-28,2023-08-01,324.90000000000003,31,15.571428571428571,1,654.7444,329.8444,280.2857142857143,374.45868571428576,0
2023-08-29,NA-US-OD-5th (correct),54d4375f-4c79-4444-ad83-f54362c08198,480,13080.81,11578.37,18.816667,2023-08-28,2023-08-01,338.700006,26,13.714285714285714,1,523.2324,184.532394,246.85714285714283,276.37525714285715,0
2023-08-29,NA-US-TUCS-SA-Lombrano (Correct),ee395d7f-589b-4208-a745-90a8a0aa3bfd,83,2224.13,2096.83,12.133333,2023-08-28,2023-08-01,218.399994,7,2.3714285714285714,1,88.96520000000001,-129.43479399999998,42.68571428571428,46.27948571428573,1
2023-08-29,NA-US-TX-KOL-18th,40cb78af-5b18-4044-82af-8751b9c34b58,65,1611.59,1491.51,0.0,2023-08-28,2023-08-01,0.0,0,1.8571428571428572,0,64.4636,64.4636,33.42857142857143,31.03502857142857,0
2023-08-30,NA-US-CA(N)-NH-Ruff (Kitchens),905cbe43-327f-4d3e-a897-48ee81a64ade,490,18102.32,17564.04,27.35,2023-08-28,2023-08-01,492.3,18,14.0,1,724.0928,231.7928,252.0,472.0928,0
2023-08-30,NA-US-CO-DEN-Aurora,2019e0f4-7fd8-47fd-a858-9e5c4b409a39,43,1287.55,1140.31,5.05,2023-08-28,2023-08-01,90.89999999999999,9,1.2285714285714286,1,51.502,-39.39799999999999,22.114285714285714,29.38771428571429,1
2023-08-30,NA-US-IL-DUN-Avondale,54341152-da81-4b58-8ba3-8604bc1ff2dc,610,17310.76,14468.41,12.866666,2023-08-28,2023-08-01,231.599988,48,17.428571428571427,0,692.4304,460.83041199999997,313.71428571428567,378.7161142857143,0
2023-08-30,NA-US-NG-OTT-Tempe (Kitchens) (correct),a9eb0fc1-7699-43b4-bd4c-6bb5b8195a87,557,15414.17,12819.21,26.216666,2023-08-28,2023-08-01,471.899988,22,15.914285714285715,1,616.5668000000001,144.66681200000005,286.45714285714286,330.1096571428572,0
2023-08-30,NA-US-OD-5th (correct),54d4375f-4c79-4444-ad83-f54362c08198,493,13853.12,12316.8,24.383333,2023-08-28,2023-08-01,438.899994,21,14.085714285714285,1,554.1248,115.22480600000006,253.54285714285714,300.5819428571429,0
2023-08-30,NA-US-TUCS-SA-Lombrano (Correct),ee395d7f-589b-4208-a745-90a8a0aa3bfd,66,1632.3,1613.6,8.0,2023-08-28,2023-08-01,144.0,9,1.8857142857142857,1,65.292,-78.708,33.94285714285714,31.34914285714286,1
2023-08-30,NA-US-TX-KOL-18th,40cb78af-5b18-4044-82af-8751b9c34b58,70,1882.88,1699.24,0.0,2023-08-28,2023-08-01,0.0,0,2.0,0,75.3152,75.3152,36.0,39.315200000000004,0
2023-08-31,NA-US-CA(N)-NH-Ruff (Kitchens),905cbe43-327f-4d3e-a897-48ee81a64ade,532,18872.97,18519.98,30.766667,2023-08-28,2023-08-01,553.800006,18,15.2,1,754.9188,201.11879399999998,273.59999999999997,481.31880000000007,0
2023-08-31,NA-US-CO-DEN-Aurora,2019e0f4-7fd8-47fd-a858-9e5c4b409a39,41,1468.49,1228.85,9.616667,2023-08-28,2023-08-01,173.100006,5,1.1714285714285715,1,58.7396,-114.36040600000001,21.085714285714285,37.65388571428572,1
2023-08-31,NA-US-IL-DUN-Avondale,54341152-da81-4b58-8ba3-8604bc1ff2dc,681,19756.15,16279.59,12.016666,2023-08-28,2023-08-01,216.299988,57,19.457142857142856,0,790.2460000000001,573.9460120000001,350.2285714285714,440.0174285714287,0
2023-08-31,NA-US-NG-OTT-Tempe (Kitchens) (correct),a9eb0fc1-7699-43b4-bd4c-6bb5b8195a87,516,14180.52,11831.86,26.500001,2023-08-28,2023-08-01,477.000018,20,14.742857142857142,1,567.2208,90.22078200000004,265.37142857142857,301.8493714285715,0
2023-08-31,NA-US-OD-5th (correct),54d4375f-4c79-4444-ad83-f54362c08198,493,14021.15,12327.44,19.616666,2023-08-28,2023-08-01,353.099988,26,14.085714285714285,1,560.846,207.746012,253.54285714285714,307.30314285714286,0
2023-08-31,NA-US-TUCS-SA-Lombrano (Correct),ee395d7f-589b-4208-a745-90a8a0aa3bfd,91,2453.93,2399.2200000000003,7.866667,2023-08-28,2023-08-01,141.600006,12,2.6,1,98.15719999999999,-43.44280600000002,46.800000000000004,51.357199999999985,1
2023-08-31,NA-US-TX-KOL-18th,40cb78af-5b18-4044-82af-8751b9c34b58,91,2367.0,2105.05,0.0,2023-08-28,2023-08-01,0.0,0,2.6,0,94.68,94.68,46.800000000000004,47.88,0
2023-09-01,NA-US-CA(N)-NH-Ruff (Kitchens),905cbe43-327f-4d3e-a897-48ee81a64ade,498,15833.42,15330.15,26.899999,2023-08-28,2023-09-01,484.19998200000003,19,14.228571428571428,1,633.3368,149.136818,256.1142857142857,377.22251428571434,0
2023-09-01,NA-US-CO-DEN-Aurora,2019e0f4-7fd8-47fd-a858-9e5c4b409a39,43,1371.13,1220.13,7.166666,2023-08-28,2023-09-01,128.999988,7,1.2285714285714286,1,54.845200000000006,-74.154788,22.114285714285714,32.73091428571429,1
2023-09-01,NA-US-IL-DUN-Avondale,54341152-da81-4b58-8ba3-8604bc1ff2dc,728,22354.66,18346.02,12.65,2023-08-28,2023-09-01,227.70000000000002,58,20.8,0,894.1864,666.4864,374.40000000000003,519.7864,0
2023-09-01,NA-US-NG-OTT-Tempe (Kitchens) (correct),a9eb0fc1-7699-43b4-bd4c-6bb5b8195a87,552,16253.83,13482.51,24.65,2023-08-28,2023-09-01,443.7,23,15.771428571428572,1,650.1532,206.45319999999998,283.8857142857143,366.26748571428567,0
2023-09-01,NA-US-OD-5th (correct),54d4375f-4c79-4444-ad83-f54362c08198,550,17362.4,15318.36,10.95,2023-08-28,2023-09-01,197.1,51,15.714285714285714,0,694.4960000000001,497.3960000000001,282.85714285714283,411.63885714285726,0
2023-09-01,NA-US-TUCS-SA-Lombrano (Correct),ee395d7f-589b-4208-a745-90a8a0aa3bfd,101,3043.38,3002.9,4.016667,2023-08-28,2023-09-01,72.300006,26,2.8857142857142857,1,121.7352,49.43519400000001,51.94285714285714,69.79234285714287,0
2023-09-01,NA-US-TX-KOL-18th,40cb78af-5b18-4044-82af-8751b9c34b58,100,2935.23,2565.6,0.0,2023-08-28,2023-09-01,0.0,0,2.857142857142857,0,117.4092,117.4092,51.42857142857143,65.98062857142857,0
2023-09-02,NA-US-CA(N)-NH-Ruff (Kitchens),905cbe43-327f-4d3e-a897-48ee81a64ade,415,16612.4,16232.16,21.866667,2023-08-28,2023-09-01,393.600006,19,11.857142857142858,1,664.4960000000001,270.8959940000001,213.42857142857144,451.06742857142865,0
2023-09-02,NA-US-CO-DEN-Aurora,2019e0f4-7fd8-47fd-a858-9e5c4b409a39,57,1738.0,1538.2,1.65,2023-08-28,2023-09-01,29.7,35,1.6285714285714286,1,69.52,39.81999999999999,29.314285714285713,40.20571428571428,0
2023-09-02,NA-US-IL-DUN-Avondale,54341152-da81-4b58-8ba3-8604bc1ff2dc,664,21435.03,17476.02,14.25,2023-08-28,2023-09-01,256.5,47,18.97142857142857,0,857.4012,600.9012,341.48571428571427,515.9154857142858,0
2023-09-02,NA-US-NG-OTT-Tempe (Kitchens) (correct),a9eb0fc1-7699-43b4-bd4c-6bb5b8195a87,575,16390.91,14197.19,26.3,2023-08-28,2023-09-01,473.40000000000003,22,16.428571428571427,1,655.6364,182.23639999999995,295.71428571428567,359.9221142857143,0
2023-09-02,NA-US-OD-5th (correct),54d4375f-4c79-4444-ad83-f54362c08198,497,13788.58,12374.55,6.2,2023-08-28,2023-09-01,111.60000000000001,81,14.2,0,551.5432,439.94319999999993,255.6,295.94319999999993,0
2023-09-02,NA-US-TUCS-SA-Lombrano (Correct),ee395d7f-589b-4208-a745-90a8a0aa3bfd,113,3409.02,3282.04,6.933333,2023-08-28,2023-09-01,124.799994,17,3.2285714285714286,1,136.3608,11.560806000000014,58.114285714285714,78.2465142857143,0
2023-09-02,NA-US-TX-KOL-18th,40cb78af-5b18-4044-82af-8751b9c34b58,129,4192.47,3644.32,0.0,2023-08-28,2023-09-01,0.0,0,3.6857142857142855,0,167.6988,167.6988,66.34285714285714,101.35594285714286,0
2023-09-03,NA-US-CA(N)-NH-Ruff (Kitchens),905cbe43-327f-4d3e-a897-48ee81a64ade,375,13003.92,12490.09,23.433333,2023-08-28,2023-09-01,421.799994,17,10.714285714285714,1,520.1568,98.35680599999995,192.85714285714283,327.29965714285714,0
2023-09-03,NA-US-CO-DEN-Aurora,2019e0f4-7fd8-47fd-a858-9e5c4b409a39,54,1793.6399999999999,1595.69,2.083333,2023-08-28,2023-09-01,37.499994,26,1.542857142857143,1,71.7456,34.245605999999995,27.771428571428572,43.974171428571424,0
2023-09-03,NA-US-IL-DUN-Avondale,54341152-da81-4b58-8ba3-8604bc1ff2dc,664,20943.79,17067.08,12.5,2023-08-28,2023-09-01,225.0,54,18.97142857142857,0,837.7516,612.7516,341.48571428571427,496.2658857142858,0
2023-09-03,NA-US-NG-OTT-Tempe (Kitchens) (correct),a9eb0fc1-7699-43b4-bd4c-6bb5b8195a87,645,20834.44,16916.94,25.916666,2023-08-28,2023-09-01,466.499988,25,18.428571428571427,1,833.3775999999999,366.87761199999994,331.71428571428567,501.66331428571425,0
2023-09-03,NA-US-OD-5th (correct),54d4375f-4c79-4444-ad83-f54362c08198,550,17178.69,15278.73,10.766666,2023-08-28,2023-09-01,193.799988,52,15.714285714285714,0,687.1476,493.347612,282.85714285714283,404.2904571428572,0
2023-09-03,NA-US-TUCS-SA-Lombrano (Correct),ee395d7f-589b-4208-a745-90a8a0aa3bfd,59,1986.23,1911.43,0.0,2023-08-28,2023-09-01,0.0,0,1.6857142857142857,0,79.4492,79.4492,30.34285714285714,49.10634285714286,0
2023-09-03,NA-US-TX-KOL-18th,40cb78af-5b18-4044-82af-8751b9c34b58,77,2857.21,2667.21,0.0,2023-08-28,2023-09-01,0.0,0,2.2,0,114.28840000000001,114.28840000000001,39.6,74.6884,0
2023-09-04,NA-US-CA(N)-NH-Ruff (Kitchens),905cbe43-327f-4d3e-a897-48ee81a64ade,378,12621.11,11978.26,0.0,2023-09-04,2023-09-01,0.0,0,10.8,0,504.8444,504.8444,194.4,310.4444,0
2023-09-04,NA-US-CO-DEN-Aurora,2019e0f4-7fd8-47fd-a858-9e5c4b409a39,50,1661.29,1401.85,0.0,2023-09-04,2023-09-01,0.0,0,1.4285714285714286,0,66.4516,66.4516,25.714285714285715,40.737314285714284,0
2023-09-04,NA-US-IL-DUN-Avondale,54341152-da81-4b58-8ba3-8604bc1ff2dc,829,26570.74,20903.69,0.0,2023-09-04,2023-09-01,0.0,0,23.685714285714287,0,1062.8296,1062.8296,426.34285714285716,636.4867428571429,0
2023-09-04,NA-US-NG-OTT-Tempe (Kitchens) (correct),a9eb0fc1-7699-43b4-bd4c-6bb5b8195a87,561,16339.14,12879.86,0.0,2023-09-04,2023-09-01,0.0,0,16.02857142857143,0,653.5656,653.5656,288.51428571428573,365.0513142857143,0
2023-09-04,NA-US-OD-5th (correct),54d4375f-4c79-4444-ad83-f54362c08198,598,21974.829999999998,20045.76,2.166667,2023-09-04,2023-09-01,39.000006,276,17.085714285714285,0,878.9931999999999,839.9931939999999,307.54285714285714,571.4503428571427,0
2023-09-04,NA-US-TUCS-SA-Lombrano (Correct),ee395d7f-589b-4208-a745-90a8a0aa3bfd,62,2013.97,1958.6,0.0,2023-09-04,2023-09-01,0.0,0,1.7714285714285714,0,80.5588,80.5588,31.885714285714286,48.67308571428572,0
2023-09-04,NA-US-TX-KOL-18th,40cb78af-5b18-4044-82af-8751b9c34b58,135,4536.41,4168.88,0.0,2023-09-04,2023-09-01,0.0,0,3.857142857142857,0,181.4564,181.4564,69.42857142857143,112.02782857142857,0
2023-09-05,NA-US-CA(N)-NH-Ruff (Kitchens),905cbe43-327f-4d3e-a897-48ee81a64ade,342,9322.68,8980.2,0.0,2023-09-04,2023-09-01,0.0,0,9.771428571428572,0,372.90720000000005,372.90720000000005,175.8857142857143,197.02148571428575,0
2023-09-05,NA-US-CO-DEN-Aurora,2019e0f4-7fd8-47fd-a858-9e5c4b409a39,18,489.55,426.59000000000003,0.0,2023-09-04,2023-09-01,0.0,0,0.5142857142857142,0,19.582,19.582,9.257142857142856,10.324857142857145,0
2023-09-05,NA-US-IL-DUN-Avondale,54341152-da81-4b58-8ba3-8604bc1ff2dc,581,17332.35,14355.56,0.0,2023-09-04,2023-09-01,0.0,0,16.6,0,693.294,693.294,298.8,394.49399999999997,0
2023-09-05,NA-US-NG-OTT-Tempe (Kitchens) (correct),a9eb0fc1-7699-43b4-bd4c-6bb5b8195a87,458,12832.39,10364.56,0.0,2023-09-04,2023-09-01,0.0,0,13.085714285714285,0,513.2956,513.2956,235.54285714285714,277.7527428571429,0
2023-09-05,NA-US-OD-5th (correct),54d4375f-4c79-4444-ad83-f54362c08198,440,12046.92,10653.95,0.0,2023-09-04,2023-09-01,0.0,0,12.571428571428571,0,481.8768,481.8768,226.28571428571428,255.59108571428573,0
2023-09-05,NA-US-TUCS-SA-Lombrano (Correct),ee395d7f-589b-4208-a745-90a8a0aa3bfd,84,2309.02,2200.76,0.0,2023-09-04,2023-09-01,0.0,0,2.4,0,92.3608,92.3608,43.199999999999996,49.1608,0
2023-09-05,NA-US-TX-KOL-18th,40cb78af-5b18-4044-82af-8751b9c34b58,45,1208.05,1140.05,0.0,2023-09-04,2023-09-01,0.0,0,1.2857142857142858,0,48.322,48.322,23.142857142857146,25.179142857142857,0
2023-09-06,NA-US-CA(N)-NH-Ruff (Kitchens),905cbe43-327f-4d3e-a897-48ee81a64ade,433,12650.87,12243.47,0.0,2023-09-04,2023-09-01,0.0,0,12.371428571428572,0,506.0348,506.0348,222.68571428571428,283.3490857142857,0
2023-09-06,NA-US-CO-DEN-Aurora,2019e0f4-7fd8-47fd-a858-9e5c4b409a39,28,778.63,699.78,0.0,2023-09-04,2023-09-01,0.0,0,0.8,0,31.1452,31.1452,14.4,16.745199999999997,0
2023-09-06,NA-US-IL-DUN-Avondale,54341152-da81-4b58-8ba3-8604bc1ff2dc,572,17169.5,14070.12,0.0,2023-09-04,2023-09-01,0.0,0,16.34285714285714,0,686.78,686.78,294.1714285714286,392.6085714285714,0
2023-09-06,NA-US-NG-OTT-Tempe (Kitchens) (correct),a9eb0fc1-7699-43b4-bd4c-6bb5b8195a87,453,13389.64,11186.3,0.0,2023-09-04,2023-09-01,0.0,0,12.942857142857143,0,535.5856,535.5856,232.9714285714286,302.6141714285714,0
2023-09-06,NA-US-OD-5th (correct),54d4375f-4c79-4444-ad83-f54362c08198,512,15072.39,13020.99,0.0,2023-09-04,2023-09-01,0.0,0,14.628571428571428,0,602.8956,602.8956,263.3142857142857,339.58131428571426,0
2023-09-06,NA-US-TUCS-SA-Lombrano (Correct),ee395d7f-589b-4208-a745-90a8a0aa3bfd,84,2284.94,2181.1,0.0,2023-09-04,2023-09-01,0.0,0,2.4,0,91.3976,91.3976,43.199999999999996,48.1976,0
2023-09-06,NA-US-TX-KOL-18th,40cb78af-5b18-4044-82af-8751b9c34b58,70,1959.28,1814.98,0.0,2023-09-04,2023-09-01,0.0,0,2.0,0,78.3712,78.3712,36.0,42.3712,0
2023-09-07,NA-US-CA(N)-NH-Ruff (Kitchens),905cbe43-327f-4d3e-a897-48ee81a64ade,432,12857.12,12492.23,0.0,2023-09-04,2023-09-01,0.0,0,12.342857142857143,0,514.2848,514.2848,222.17142857142858,292.11337142857144,0
2023-09-07,NA-US-CO-DEN-Aurora,2019e0f4-7fd8-47fd-a858-9e5c4b409a39,41,1274.69,1109.95,0.0,2023-09-04,2023-09-01,0.0,0,1.1714285714285715,0,50.9876,50.9876,21.085714285714285,29.901885714285715,0
2023-09-07,NA-US-IL-DUN-Avondale,54341152-da81-4b58-8ba3-8604bc1ff2dc,581,16411.53,14235.29,0.0,2023-09-04,2023-09-01,0.0,0,16.6,0,656.4612,656.4612,298.8,357.66119999999995,0
2023-09-07,NA-US-NG-OTT-Tempe (Kitchens) (correct),a9eb0fc1-7699-43b4-bd4c-6bb5b8195a87,413,12093.1,9791.4,0.0,2023-09-04,2023-09-01,0.0,0,11.8,0,483.72400000000005,483.72400000000005,212.4,271.32400000000007,0
2023-09-07,NA-US-OD-5th (correct),54d4375f-4c79-4444-ad83-f54362c08198,476,14550.05,12474.27,0.0,2023-09-04,2023-09-01,0.0,0,13.6,0,582.002,582.002,244.79999999999998,337.202,0
2023-09-07,NA-US-TUCS-SA-Lombrano (Correct),ee395d7f-589b-4208-a745-90a8a0aa3bfd,97,2616.17,2515.27,0.0,2023-09-04,2023-09-01,0.0,0,2.7714285714285714,0,104.6468,104.6468,49.885714285714286,54.76108571428571,0
2023-09-07,NA-US-TX-KOL-18th,40cb78af-5b18-4044-82af-8751b9c34b58,73,2200.57,1935.62,0.0,2023-09-04,2023-09-01,0.0,0,2.085714285714286,0,88.0228,88.0228,37.542857142857144,50.47994285714286,0
