date,facility_id,facility,hours_staffed,daily_cr_labor_hours_allocation,week,month,labor_cost
2023-08-26,2019e0f4-7fd8-47fd-a858-9e5c4b409a39,NA-US-CO-DEN-Aurora,0.0,0.0,2023-08-21,2023-08-01,0.0
2023-08-05,2019e0f4-7fd8-47fd-a858-9e5c4b409a39,NA-US-CO-DEN-Aurora,0.0,0.0,2023-07-31,2023-08-01,0.0
2023-08-15,2019e0f4-7fd8-47fd-a858-9e5c4b409a39,NA-US-CO-DEN-Aurora,7.416667,0.0,2023-08-14,2023-08-01,133.500006
2023-08-01,2019e0f4-7fd8-47fd-a858-9e5c4b409a39,NA-US-CO-DEN-Aurora,0.0,0.0,2023-07-31,2023-08-01,0.0
2023-08-31,2019e0f4-7fd8-47fd-a858-9e5c4b409a39,NA-US-CO-DEN-Aurora,9.616667,0.0,2023-08-28,2023-08-01,173.100006
2023-09-06,2019e0f4-7fd8-47fd-a858-9e5c4b409a39,NA-US-CO-DEN-Aurora,0.0,0.0,2023-09-04,2023-09-01,0.0
2023-08-19,2019e0f4-7fd8-47fd-a858-9e5c4b409a39,NA-US-CO-DEN-Aurora,0.0,0.0,2023-08-14,2023-08-01,0.0
2023-08-23,2019e0f4-7fd8-47fd-a858-9e5c4b409a39,NA-US-CO-DEN-Aurora,5.7,0.0,2023-08-21,2023-08-01,102.60000000000001
2023-08-29,2019e0f4-7fd8-47fd-a858-9e5c4b409a39,NA-US-CO-DEN-Aurora,4.933333,0.0,2023-08-28,2023-08-01,88.799994
2023-08-03,2019e0f4-7fd8-47fd-a858-9e5c4b409a39,NA-US-CO-DEN-Aurora,0.0,0.0,2023-07-31,2023-08-01,0.0
2023-08-10,2019e0f4-7fd8-47fd-a858-9e5c4b409a39,NA-US-CO-DEN-Aurora,4.616667,0.0,2023-08-07,2023-08-01,83.100006
2023-08-25,2019e0f4-7fd8-47fd-a858-9e5c4b409a39,NA-US-CO-DEN-Aurora,0.0,0.0,2023-08-21,2023-08-01,0.0
2023-08-02,2019e0f4-7fd8-47fd-a858-9e5c4b409a39,NA-US-CO-DEN-Aurora,0.983333,0.0,2023-07-31,2023-08-01,17.699994
2023-08-28,2019e0f4-7fd8-47fd-a858-9e5c4b409a39,NA-US-CO-DEN-Aurora,0.0,0.0,2023-08-28,2023-08-01,0.0
2023-08-06,2019e0f4-7fd8-47fd-a858-9e5c4b409a39,NA-US-CO-DEN-Aurora,0.0,0.0,2023-07-31,2023-08-01,0.0
2023-08-12,2019e0f4-7fd8-47fd-a858-9e5c4b409a39,NA-US-CO-DEN-Aurora,0.0,0.0,2023-08-07,2023-08-01,0.0
2023-09-03,2019e0f4-7fd8-47fd-a858-9e5c4b409a39,NA-US-CO-DEN-Aurora,2.083333,0.0,2023-08-28,2023-09-01,37.499994
2023-08-11,2019e0f4-7fd8-47fd-a858-9e5c4b409a39,NA-US-CO-DEN-Aurora,6.966667,0.0,2023-08-07,2023-08-01,125.400006
2023-09-02,2019e0f4-7fd8-47fd-a858-9e5c4b409a39,NA-US-CO-DEN-Aurora,1.65,0.0,2023-08-28,2023-09-01,29.7
2023-08-09,2019e0f4-7fd8-47fd-a858-9e5c4b409a39,NA-US-CO-DEN-Aurora,6.133333,0.0,2023-08-07,2023-08-01,110.399994
2023-09-01,2019e0f4-7fd8-47fd-a858-9e5c4b409a39,NA-US-CO-DEN-Aurora,7.166666,0.0,2023-08-28,2023-09-01,128.999988
2023-08-30,2019e0f4-7fd8-47fd-a858-9e5c4b409a39,NA-US-CO-DEN-Aurora,5.05,0.0,2023-08-28,2023-08-01,90.89999999999999
2023-08-21,2019e0f4-7fd8-47fd-a858-9e5c4b409a39,NA-US-CO-DEN-Aurora,0.45,0.0,2023-08-21,2023-08-01,8.1
2023-09-04,2019e0f4-7fd8-47fd-a858-9e5c4b409a39,NA-US-CO-DEN-Aurora,0.0,0.0,2023-09-04,2023-09-01,0.0
2023-08-27,2019e0f4-7fd8-47fd-a858-9e5c4b409a39,NA-US-CO-DEN-Aurora,3.1,0.0,2023-08-21,2023-08-01,55.800000000000004
2023-08-18,2019e0f4-7fd8-47fd-a858-9e5c4b409a39,NA-US-CO-DEN-Aurora,4.25,0.0,2023-08-14,2023-08-01,76.5
2023-08-04,2019e0f4-7fd8-47fd-a858-9e5c4b409a39,NA-US-CO-DEN-Aurora,0.0,0.0,2023-07-31,2023-08-01,0.0
2023-08-20,2019e0f4-7fd8-47fd-a858-9e5c4b409a39,NA-US-CO-DEN-Aurora,3.9,0.0,2023-08-14,2023-08-01,70.2
2023-08-07,2019e0f4-7fd8-47fd-a858-9e5c4b409a39,NA-US-CO-DEN-Aurora,0.0,0.0,2023-08-07,2023-08-01,0.0
2023-08-13,2019e0f4-7fd8-47fd-a858-9e5c4b409a39,NA-US-CO-DEN-Aurora,5.45,0.0,2023-08-07,2023-08-01,98.10000000000001
2023-08-22,2019e0f4-7fd8-47fd-a858-9e5c4b409a39,NA-US-CO-DEN-Aurora,7.383333,0.0,2023-08-21,2023-08-01,132.899994
2023-09-07,2019e0f4-7fd8-47fd-a858-9e5c4b409a39,NA-US-CO-DEN-Aurora,0.0,0.0,2023-09-04,2023-09-01,0.0
2023-08-14,2019e0f4-7fd8-47fd-a858-9e5c4b409a39,NA-US-CO-DEN-Aurora,3.1,0.0,2023-08-14,2023-08-01,55.800000000000004
2023-08-17,2019e0f4-7fd8-47fd-a858-9e5c4b409a39,NA-US-CO-DEN-Aurora,5.65,0.0,2023-08-14,2023-08-01,101.7
2023-08-16,2019e0f4-7fd8-47fd-a858-9e5c4b409a39,NA-US-CO-DEN-Aurora,4.566667,0.0,2023-08-14,2023-08-01,82.200006
2023-08-24,2019e0f4-7fd8-47fd-a858-9e5c4b409a39,NA-US-CO-DEN-Aurora,7.55,0.0,2023-08-21,2023-08-01,135.9
2023-08-08,2019e0f4-7fd8-47fd-a858-9e5c4b409a39,NA-US-CO-DEN-Aurora,6.866667,0.0,2023-08-07,2023-08-01,123.600006
2023-09-05,2019e0f4-7fd8-47fd-a858-9e5c4b409a39,NA-US-CO-DEN-Aurora,0.0,0.0,2023-09-04,2023-09-01,0.0
2023-08-26,40cb78af-5b18-4044-82af-8751b9c34b58,NA-US-TX-KOL-18th,0.0,0.0,2023-08-21,2023-08-01,0.0
2023-08-17,40cb78af-5b18-4044-82af-8751b9c34b58,NA-US-TX-KOL-18th,10.933333,0.0,2023-08-14,2023-08-01,196.799994
2023-08-01,40cb78af-5b18-4044-82af-8751b9c34b58,NA-US-TX-KOL-18th,7.7,0.0,2023-07-31,2023-08-01,138.6
2023-08-31,40cb78af-5b18-4044-82af-8751b9c34b58,NA-US-TX-KOL-18th,0.0,0.0,2023-08-28,2023-08-01,0.0
2023-08-04,40cb78af-5b18-4044-82af-8751b9c34b58,NA-US-TX-KOL-18th,6.033333,0.0,2023-07-31,2023-08-01,108.599994
2023-08-07,40cb78af-5b18-4044-82af-8751b9c34b58,NA-US-TX-KOL-18th,0.0,0.0,2023-08-07,2023-08-01,0.0
2023-09-02,40cb78af-5b18-4044-82af-8751b9c34b58,NA-US-TX-KOL-18th,0.0,0.0,2023-08-28,2023-09-01,0.0
2023-08-15,40cb78af-5b18-4044-82af-8751b9c34b58,NA-US-TX-KOL-18th,0.0,0.0,2023-08-14,2023-08-01,0.0
2023-08-06,40cb78af-5b18-4044-82af-8751b9c34b58,NA-US-TX-KOL-18th,2.55,0.0,2023-07-31,2023-08-01,45.9
2023-08-10,40cb78af-5b18-4044-82af-8751b9c34b58,NA-US-TX-KOL-18th,0.0,0.0,2023-08-07,2023-08-01,0.0
2023-08-22,40cb78af-5b18-4044-82af-8751b9c34b58,NA-US-TX-KOL-18th,0.0,0.0,2023-08-21,2023-08-01,0.0
2023-09-03,40cb78af-5b18-4044-82af-8751b9c34b58,NA-US-TX-KOL-18th,0.0,0.0,2023-08-28,2023-09-01,0.0
2023-08-14,40cb78af-5b18-4044-82af-8751b9c34b58,NA-US-TX-KOL-18th,10.583333,0.0,2023-08-14,2023-08-01,190.499994
2023-08-05,40cb78af-5b18-4044-82af-8751b9c34b58,NA-US-TX-KOL-18th,0.0,0.0,2023-07-31,2023-08-01,0.0
2023-08-02,40cb78af-5b18-4044-82af-8751b9c34b58,NA-US-TX-KOL-18th,9.25,0.0,2023-07-31,2023-08-01,166.5
2023-08-23,40cb78af-5b18-4044-82af-8751b9c34b58,NA-US-TX-KOL-18th,0.0,0.0,2023-08-21,2023-08-01,0.0
2023-08-29,40cb78af-5b18-4044-82af-8751b9c34b58,NA-US-TX-KOL-18th,0.0,0.0,2023-08-28,2023-08-01,0.0
2023-08-19,40cb78af-5b18-4044-82af-8751b9c34b58,NA-US-TX-KOL-18th,3.3,0.0,2023-08-14,2023-08-01,59.4
2023-08-13,40cb78af-5b18-4044-82af-8751b9c34b58,NA-US-TX-KOL-18th,6.783333,0.0,2023-08-07,2023-08-01,122.099994
2023-08-09,40cb78af-5b18-4044-82af-8751b9c34b58,NA-US-TX-KOL-18th,0.0,0.0,2023-08-07,2023-08-01,0.0
2023-08-24,40cb78af-5b18-4044-82af-8751b9c34b58,NA-US-TX-KOL-18th,0.0,0.0,2023-08-21,2023-08-01,0.0
2023-09-07,40cb78af-5b18-4044-82af-8751b9c34b58,NA-US-TX-KOL-18th,0.0,0.0,2023-09-04,2023-09-01,0.0
2023-08-25,40cb78af-5b18-4044-82af-8751b9c34b58,NA-US-TX-KOL-18th,0.0,0.0,2023-08-21,2023-08-01,0.0
2023-08-16,40cb78af-5b18-4044-82af-8751b9c34b58,NA-US-TX-KOL-18th,8.35,0.0,2023-08-14,2023-08-01,150.29999999999998
2023-08-30,40cb78af-5b18-4044-82af-8751b9c34b58,NA-US-TX-KOL-18th,0.0,0.0,2023-08-28,2023-08-01,0.0
2023-08-11,40cb78af-5b18-4044-82af-8751b9c34b58,NA-US-TX-KOL-18th,11.316667,0.0,2023-08-07,2023-08-01,203.700006
2023-09-05,40cb78af-5b18-4044-82af-8751b9c34b58,NA-US-TX-KOL-18th,0.0,0.0,2023-09-04,2023-09-01,0.0
2023-08-03,40cb78af-5b18-4044-82af-8751b9c34b58,NA-US-TX-KOL-18th,8.85,0.0,2023-07-31,2023-08-01,159.29999999999998
2023-08-20,40cb78af-5b18-4044-82af-8751b9c34b58,NA-US-TX-KOL-18th,0.0,0.0,2023-08-14,2023-08-01,0.0
2023-09-01,40cb78af-5b18-4044-82af-8751b9c34b58,NA-US-TX-KOL-18th,0.0,0.0,2023-08-28,2023-09-01,0.0
2023-08-08,40cb78af-5b18-4044-82af-8751b9c34b58,NA-US-TX-KOL-18th,0.0,0.0,2023-08-07,2023-08-01,0.0
2023-09-04,40cb78af-5b18-4044-82af-8751b9c34b58,NA-US-TX-KOL-18th,0.0,0.0,2023-09-04,2023-09-01,0.0
2023-08-27,40cb78af-5b18-4044-82af-8751b9c34b58,NA-US-TX-KOL-18th,0.0,0.0,2023-08-21,2023-08-01,0.0
2023-08-12,40cb78af-5b18-4044-82af-8751b9c34b58,NA-US-TX-KOL-18th,10.3,0.0,2023-08-07,2023-08-01,185.4
2023-09-06,40cb78af-5b18-4044-82af-8751b9c34b58,NA-US-TX-KOL-18th,0.0,0.0,2023-09-04,2023-09-01,0.0
2023-08-18,40cb78af-5b18-4044-82af-8751b9c34b58,NA-US-TX-KOL-18th,9.0,0.0,2023-08-14,2023-08-01,162.0
2023-08-21,40cb78af-5b18-4044-82af-8751b9c34b58,NA-US-TX-KOL-18th,0.0,0.0,2023-08-21,2023-08-01,0.0
2023-08-28,40cb78af-5b18-4044-82af-8751b9c34b58,NA-US-TX-KOL-18th,0.0,0.0,2023-08-28,2023-08-01,0.0
2023-08-09,54341152-da81-4b58-8ba3-8604bc1ff2dc,NA-US-IL-DUN-Avondale,12.333334,0.0,2023-08-07,2023-08-01,222.00001200000003
2023-08-20,54341152-da81-4b58-8ba3-8604bc1ff2dc,NA-US-IL-DUN-Avondale,12.7,0.0,2023-08-14,2023-08-01,228.6
2023-08-30,54341152-da81-4b58-8ba3-8604bc1ff2dc,NA-US-IL-DUN-Avondale,12.866666,0.0,2023-08-28,2023-08-01,231.599988
2023-08-03,54341152-da81-4b58-8ba3-8604bc1ff2dc,NA-US-IL-DUN-Avondale,12.85,0.0,2023-07-31,2023-08-01,231.29999999999998
2023-08-31,54341152-da81-4b58-8ba3-8604bc1ff2dc,NA-US-IL-DUN-Avondale,12.016666,0.0,2023-08-28,2023-08-01,216.299988
2023-09-02,54341152-da81-4b58-8ba3-8604bc1ff2dc,NA-US-IL-DUN-Avondale,14.25,0.0,2023-08-28,2023-09-01,256.5
2023-09-06,54341152-da81-4b58-8ba3-8604bc1ff2dc,NA-US-IL-DUN-Avondale,0.0,0.0,2023-09-04,2023-09-01,0.0
2023-08-10,54341152-da81-4b58-8ba3-8604bc1ff2dc,NA-US-IL-DUN-Avondale,12.45,0.0,2023-08-07,2023-08-01,224.1
2023-08-04,54341152-da81-4b58-8ba3-8604bc1ff2dc,NA-US-IL-DUN-Avondale,14.216667,0.0,2023-07-31,2023-08-01,255.900006
2023-08-25,54341152-da81-4b58-8ba3-8604bc1ff2dc,NA-US-IL-DUN-Avondale,12.7,0.0,2023-08-21,2023-08-01,228.6
2023-08-11,54341152-da81-4b58-8ba3-8604bc1ff2dc,NA-US-IL-DUN-Avondale,13.4,0.0,2023-08-07,2023-08-01,241.20000000000002
2023-08-14,54341152-da81-4b58-8ba3-8604bc1ff2dc,NA-US-IL-DUN-Avondale,12.283333,0.0,2023-08-14,2023-08-01,221.099994
2023-08-29,54341152-da81-4b58-8ba3-8604bc1ff2dc,NA-US-IL-DUN-Avondale,11.833333,0.0,2023-08-28,2023-08-01,212.999994
2023-08-27,54341152-da81-4b58-8ba3-8604bc1ff2dc,NA-US-IL-DUN-Avondale,13.316667,0.0,2023-08-21,2023-08-01,239.700006
2023-08-21,54341152-da81-4b58-8ba3-8604bc1ff2dc,NA-US-IL-DUN-Avondale,13.3,0.0,2023-08-21,2023-08-01,239.4
2023-08-19,54341152-da81-4b58-8ba3-8604bc1ff2dc,NA-US-IL-DUN-Avondale,14.45,0.0,2023-08-14,2023-08-01,260.09999999999997
2023-08-06,54341152-da81-4b58-8ba3-8604bc1ff2dc,NA-US-IL-DUN-Avondale,13.75,0.0,2023-07-31,2023-08-01,247.5
2023-08-13,54341152-da81-4b58-8ba3-8604bc1ff2dc,NA-US-IL-DUN-Avondale,13.216667,0.0,2023-08-07,2023-08-01,237.900006
2023-08-07,54341152-da81-4b58-8ba3-8604bc1ff2dc,NA-US-IL-DUN-Avondale,14.25,0.0,2023-08-07,2023-08-01,256.5
2023-08-23,54341152-da81-4b58-8ba3-8604bc1ff2dc,NA-US-IL-DUN-Avondale,15.966667,0.0,2023-08-21,2023-08-01,287.40000599999996
2023-08-28,54341152-da81-4b58-8ba3-8604bc1ff2dc,NA-US-IL-DUN-Avondale,12.416667,0.0,2023-08-28,2023-08-01,223.500006
2023-08-26,54341152-da81-4b58-8ba3-8604bc1ff2dc,NA-US-IL-DUN-Avondale,14.216666,0.0,2023-08-21,2023-08-01,255.899988
2023-09-01,54341152-da81-4b58-8ba3-8604bc1ff2dc,NA-US-IL-DUN-Avondale,12.65,0.0,2023-08-28,2023-09-01,227.70000000000002
2023-08-08,54341152-da81-4b58-8ba3-8604bc1ff2dc,NA-US-IL-DUN-Avondale,13.483334,0.0,2023-08-07,2023-08-01,242.700012
2023-09-04,54341152-da81-4b58-8ba3-8604bc1ff2dc,NA-US-IL-DUN-Avondale,0.0,0.0,2023-09-04,2023-09-01,0.0
2023-08-05,54341152-da81-4b58-8ba3-8604bc1ff2dc,NA-US-IL-DUN-Avondale,14.6,0.0,2023-07-31,2023-08-01,262.8
2023-08-16,54341152-da81-4b58-8ba3-8604bc1ff2dc,NA-US-IL-DUN-Avondale,11.966666,0.0,2023-08-14,2023-08-01,215.399988
2023-08-24,54341152-da81-4b58-8ba3-8604bc1ff2dc,NA-US-IL-DUN-Avondale,16.4,0.0,2023-08-21,2023-08-01,295.2
2023-09-05,54341152-da81-4b58-8ba3-8604bc1ff2dc,NA-US-IL-DUN-Avondale,0.0,0.0,2023-09-04,2023-09-01,0.0
2023-08-17,54341152-da81-4b58-8ba3-8604bc1ff2dc,NA-US-IL-DUN-Avondale,12.333333,0.0,2023-08-14,2023-08-01,221.999994
2023-08-01,54341152-da81-4b58-8ba3-8604bc1ff2dc,NA-US-IL-DUN-Avondale,13.2,0.0,2023-07-31,2023-08-01,237.6
2023-09-07,54341152-da81-4b58-8ba3-8604bc1ff2dc,NA-US-IL-DUN-Avondale,0.0,0.0,2023-09-04,2023-09-01,0.0
2023-08-15,54341152-da81-4b58-8ba3-8604bc1ff2dc,NA-US-IL-DUN-Avondale,14.3,0.0,2023-08-14,2023-08-01,257.40000000000003
2023-08-18,54341152-da81-4b58-8ba3-8604bc1ff2dc,NA-US-IL-DUN-Avondale,16.366666,0.0,2023-08-14,2023-08-01,294.599988
2023-08-22,54341152-da81-4b58-8ba3-8604bc1ff2dc,NA-US-IL-DUN-Avondale,14.266667,0.0,2023-08-21,2023-08-01,256.800006
2023-08-12,54341152-da81-4b58-8ba3-8604bc1ff2dc,NA-US-IL-DUN-Avondale,14.449999,0.0,2023-08-07,2023-08-01,260.099982
2023-08-02,54341152-da81-4b58-8ba3-8604bc1ff2dc,NA-US-IL-DUN-Avondale,17.366666,0.0,2023-07-31,2023-08-01,312.599988
2023-09-03,54341152-da81-4b58-8ba3-8604bc1ff2dc,NA-US-IL-DUN-Avondale,12.5,0.0,2023-08-28,2023-09-01,225.0
2023-08-17,54d4375f-4c79-4444-ad83-f54362c08198,NA-US-OD-5th (correct),11.683334,0.0,2023-08-14,2023-08-01,210.300012
2023-08-01,54d4375f-4c79-4444-ad83-f54362c08198,NA-US-OD-5th (correct),12.583333,0.0,2023-07-31,2023-08-01,226.499994
2023-08-13,54d4375f-4c79-4444-ad83-f54362c08198,NA-US-OD-5th (correct),17.6,0.0,2023-08-07,2023-08-01,316.8
2023-08-22,54d4375f-4c79-4444-ad83-f54362c08198,NA-US-OD-5th (correct),13.183333,0.0,2023-08-21,2023-08-01,237.299994
2023-09-01,54d4375f-4c79-4444-ad83-f54362c08198,NA-US-OD-5th (correct),10.95,0.0,2023-08-28,2023-09-01,197.1
2023-08-30,54d4375f-4c79-4444-ad83-f54362c08198,NA-US-OD-5th (correct),24.383333,0.0,2023-08-28,2023-08-01,438.899994
2023-08-21,54d4375f-4c79-4444-ad83-f54362c08198,NA-US-OD-5th (correct),7.8,0.0,2023-08-21,2023-08-01,140.4
2023-08-06,54d4375f-4c79-4444-ad83-f54362c08198,NA-US-OD-5th (correct),6.783333,0.0,2023-07-31,2023-08-01,122.099994
2023-08-02,54d4375f-4c79-4444-ad83-f54362c08198,NA-US-OD-5th (correct),21.65,0.0,2023-07-31,2023-08-01,389.7
2023-08-04,54d4375f-4c79-4444-ad83-f54362c08198,NA-US-OD-5th (correct),21.65,0.0,2023-07-31,2023-08-01,389.7
2023-08-24,54d4375f-4c79-4444-ad83-f54362c08198,NA-US-OD-5th (correct),27.516666,0.0,2023-08-21,2023-08-01,495.299988
2023-08-26,54d4375f-4c79-4444-ad83-f54362c08198,NA-US-OD-5th (correct),12.633333,0.0,2023-08-21,2023-08-01,227.399994
2023-08-16,54d4375f-4c79-4444-ad83-f54362c08198,NA-US-OD-5th (correct),21.3,0.0,2023-08-14,2023-08-01,383.40000000000003
2023-08-25,54d4375f-4c79-4444-ad83-f54362c08198,NA-US-OD-5th (correct),24.3,0.0,2023-08-21,2023-08-01,437.40000000000003
2023-09-05,54d4375f-4c79-4444-ad83-f54362c08198,NA-US-OD-5th (correct),0.0,0.0,2023-09-04,2023-09-01,0.0
2023-08-05,54d4375f-4c79-4444-ad83-f54362c08198,NA-US-OD-5th (correct),11.916667,0.0,2023-07-31,2023-08-01,214.500006
2023-08-15,54d4375f-4c79-4444-ad83-f54362c08198,NA-US-OD-5th (correct),13.233334,0.0,2023-08-14,2023-08-01,238.200012
2023-08-31,54d4375f-4c79-4444-ad83-f54362c08198,NA-US-OD-5th (correct),19.616666,0.0,2023-08-28,2023-08-01,353.099988
2023-08-27,54d4375f-4c79-4444-ad83-f54362c08198,NA-US-OD-5th (correct),16.266666,0.0,2023-08-21,2023-08-01,292.799988
2023-08-20,54d4375f-4c79-4444-ad83-f54362c08198,NA-US-OD-5th (correct),9.783333,0.0,2023-08-14,2023-08-01,176.099994
2023-09-07,54d4375f-4c79-4444-ad83-f54362c08198,NA-US-OD-5th (correct),0.0,0.0,2023-09-04,2023-09-01,0.0
2023-08-11,54d4375f-4c79-4444-ad83-f54362c08198,NA-US-OD-5th (correct),21.433333,0.0,2023-08-07,2023-08-01,385.799994
2023-08-23,54d4375f-4c79-4444-ad83-f54362c08198,NA-US-OD-5th (correct),25.75,0.0,2023-08-21,2023-08-01,463.5
2023-08-28,54d4375f-4c79-4444-ad83-f54362c08198,NA-US-OD-5th (correct),19.533333,0.0,2023-08-28,2023-08-01,351.599994
2023-08-03,54d4375f-4c79-4444-ad83-f54362c08198,NA-US-OD-5th (correct),21.016667,0.0,2023-07-31,2023-08-01,378.30000600000005
2023-08-19,54d4375f-4c79-4444-ad83-f54362c08198,NA-US-OD-5th (correct),12.383334,0.0,2023-08-14,2023-08-01,222.900012
2023-08-10,54d4375f-4c79-4444-ad83-f54362c08198,NA-US-OD-5th (correct),19.816666,0.0,2023-08-07,2023-08-01,356.699988
2023-08-14,54d4375f-4c79-4444-ad83-f54362c08198,NA-US-OD-5th (correct),15.566666,0.0,2023-08-14,2023-08-01,280.199988
2023-09-04,54d4375f-4c79-4444-ad83-f54362c08198,NA-US-OD-5th (correct),2.166667,0.0,2023-09-04,2023-09-01,39.000006
2023-09-02,54d4375f-4c79-4444-ad83-f54362c08198,NA-US-OD-5th (correct),6.2,0.0,2023-08-28,2023-09-01,111.60000000000001
2023-09-06,54d4375f-4c79-4444-ad83-f54362c08198,NA-US-OD-5th (correct),0.0,0.0,2023-09-04,2023-09-01,0.0
2023-08-08,54d4375f-4c79-4444-ad83-f54362c08198,NA-US-OD-5th (correct),9.7,0.0,2023-08-07,2023-08-01,174.6
2023-08-12,54d4375f-4c79-4444-ad83-f54362c08198,NA-US-OD-5th (correct),13.683334,0.0,2023-08-07,2023-08-01,246.300012
2023-08-07,54d4375f-4c79-4444-ad83-f54362c08198,NA-US-OD-5th (correct),9.866666,0.0,2023-08-07,2023-08-01,177.599988
2023-09-03,54d4375f-4c79-4444-ad83-f54362c08198,NA-US-OD-5th (correct),10.766666,0.0,2023-08-28,2023-09-01,193.799988
2023-08-29,54d4375f-4c79-4444-ad83-f54362c08198,NA-US-OD-5th (correct),18.816667,0.0,2023-08-28,2023-08-01,338.700006
2023-08-18,54d4375f-4c79-4444-ad83-f54362c08198,NA-US-OD-5th (correct),21.483334,0.0,2023-08-14,2023-08-01,386.700012
2023-08-09,54d4375f-4c79-4444-ad83-f54362c08198,NA-US-OD-5th (correct),22.633333,0.0,2023-08-07,2023-08-01,407.399994
2023-08-26,905cbe43-327f-4d3e-a897-48ee81a64ade,NA-US-CA(N)-NH-Ruff (Kitchens),21.566667,0.0,2023-08-21,2023-08-01,388.200006
2023-08-06,905cbe43-327f-4d3e-a897-48ee81a64ade,NA-US-CA(N)-NH-Ruff (Kitchens),11.2,0.0,2023-07-31,2023-08-01,201.6
2023-08-22,905cbe43-327f-4d3e-a897-48ee81a64ade,NA-US-CA(N)-NH-Ruff (Kitchens),27.2,0.0,2023-08-21,2023-08-01,489.59999999999997
2023-08-09,905cbe43-327f-4d3e-a897-48ee81a64ade,NA-US-CA(N)-NH-Ruff (Kitchens),18.466667,0.0,2023-08-07,2023-08-01,332.400006
2023-08-20,905cbe43-327f-4d3e-a897-48ee81a64ade,NA-US-CA(N)-NH-Ruff (Kitchens),11.6,0.0,2023-08-14,2023-08-01,208.79999999999998
2023-08-17,905cbe43-327f-4d3e-a897-48ee81a64ade,NA-US-CA(N)-NH-Ruff (Kitchens),17.166667,0.0,2023-08-14,2023-08-01,309.000006
2023-08-10,905cbe43-327f-4d3e-a897-48ee81a64ade,NA-US-CA(N)-NH-Ruff (Kitchens),18.416666,0.0,2023-08-07,2023-08-01,331.499988
2023-09-03,905cbe43-327f-4d3e-a897-48ee81a64ade,NA-US-CA(N)-NH-Ruff (Kitchens),23.433333,0.0,2023-08-28,2023-09-01,421.799994
2023-08-15,905cbe43-327f-4d3e-a897-48ee81a64ade,NA-US-CA(N)-NH-Ruff (Kitchens),25.033333,0.0,2023-08-14,2023-08-01,450.599994
2023-08-19,905cbe43-327f-4d3e-a897-48ee81a64ade,NA-US-CA(N)-NH-Ruff (Kitchens),16.45,0.0,2023-08-14,2023-08-01,296.09999999999997
2023-08-21,905cbe43-327f-4d3e-a897-48ee81a64ade,NA-US-CA(N)-NH-Ruff (Kitchens),27.966667,0.0,2023-08-21,2023-08-01,503.400006
2023-08-01,905cbe43-327f-4d3e-a897-48ee81a64ade,NA-US-CA(N)-NH-Ruff (Kitchens),29.483333,0.0,2023-07-31,2023-08-01,530.699994
2023-08-07,905cbe43-327f-4d3e-a897-48ee81a64ade,NA-US-CA(N)-NH-Ruff (Kitchens),17.466667,0.0,2023-08-07,2023-08-01,314.400006
2023-09-04,905cbe43-327f-4d3e-a897-48ee81a64ade,NA-US-CA(N)-NH-Ruff (Kitchens),0.0,0.0,2023-09-04,2023-09-01,0.0
2023-08-28,905cbe43-327f-4d3e-a897-48ee81a64ade,NA-US-CA(N)-NH-Ruff (Kitchens),27.9,0.0,2023-08-28,2023-08-01,502.2
2023-08-16,905cbe43-327f-4d3e-a897-48ee81a64ade,NA-US-CA(N)-NH-Ruff (Kitchens),12.716667,0.0,2023-08-14,2023-08-01,228.900006
2023-08-13,905cbe43-327f-4d3e-a897-48ee81a64ade,NA-US-CA(N)-NH-Ruff (Kitchens),16.483333,0.0,2023-08-07,2023-08-01,296.69999399999995
2023-08-30,905cbe43-327f-4d3e-a897-48ee81a64ade,NA-US-CA(N)-NH-Ruff (Kitchens),27.35,0.0,2023-08-28,2023-08-01,492.3
2023-08-02,905cbe43-327f-4d3e-a897-48ee81a64ade,NA-US-CA(N)-NH-Ruff (Kitchens),25.1,0.0,2023-07-31,2023-08-01,451.8
2023-08-29,905cbe43-327f-4d3e-a897-48ee81a64ade,NA-US-CA(N)-NH-Ruff (Kitchens),34.466668,0.0,2023-08-28,2023-08-01,620.400024
2023-08-31,905cbe43-327f-4d3e-a897-48ee81a64ade,NA-US-CA(N)-NH-Ruff (Kitchens),30.766667,0.0,2023-08-28,2023-08-01,553.800006
2023-08-04,905cbe43-327f-4d3e-a897-48ee81a64ade,NA-US-CA(N)-NH-Ruff (Kitchens),18.916667,0.0,2023-07-31,2023-08-01,340.500006
2023-08-24,905cbe43-327f-4d3e-a897-48ee81a64ade,NA-US-CA(N)-NH-Ruff (Kitchens),28.583334,0.0,2023-08-21,2023-08-01,514.500012
2023-08-12,905cbe43-327f-4d3e-a897-48ee81a64ade,NA-US-CA(N)-NH-Ruff (Kitchens),21.65,0.0,2023-08-07,2023-08-01,389.7
2023-08-25,905cbe43-327f-4d3e-a897-48ee81a64ade,NA-US-CA(N)-NH-Ruff (Kitchens),24.5,0.0,2023-08-21,2023-08-01,441.0
2023-08-18,905cbe43-327f-4d3e-a897-48ee81a64ade,NA-US-CA(N)-NH-Ruff (Kitchens),14.45,0.0,2023-08-14,2023-08-01,260.09999999999997
2023-09-07,905cbe43-327f-4d3e-a897-48ee81a64ade,NA-US-CA(N)-NH-Ruff (Kitchens),0.0,0.0,2023-09-04,2023-09-01,0.0
2023-08-11,905cbe43-327f-4d3e-a897-48ee81a64ade,NA-US-CA(N)-NH-Ruff (Kitchens),25.183334,0.0,2023-08-07,2023-08-01,453.300012
2023-08-14,905cbe43-327f-4d3e-a897-48ee81a64ade,NA-US-CA(N)-NH-Ruff (Kitchens),24.416667,0.0,2023-08-14,2023-08-01,439.500006
2023-09-05,905cbe43-327f-4d3e-a897-48ee81a64ade,NA-US-CA(N)-NH-Ruff (Kitchens),0.0,0.0,2023-09-04,2023-09-01,0.0
2023-08-05,905cbe43-327f-4d3e-a897-48ee81a64ade,NA-US-CA(N)-NH-Ruff (Kitchens),22.416667,0.0,2023-07-31,2023-08-01,403.500006
2023-09-06,905cbe43-327f-4d3e-a897-48ee81a64ade,NA-US-CA(N)-NH-Ruff (Kitchens),0.0,0.0,2023-09-04,2023-09-01,0.0
2023-09-01,905cbe43-327f-4d3e-a897-48ee81a64ade,NA-US-CA(N)-NH-Ruff (Kitchens),26.899999,0.0,2023-08-28,2023-09-01,484.19998200000003
2023-08-23,905cbe43-327f-4d3e-a897-48ee81a64ade,NA-US-CA(N)-NH-Ruff (Kitchens),28.233334,0.0,2023-08-21,2023-08-01,508.200012
2023-08-27,905cbe43-327f-4d3e-a897-48ee81a64ade,NA-US-CA(N)-NH-Ruff (Kitchens),20.566667,0.0,2023-08-21,2023-08-01,370.200006
2023-08-03,905cbe43-327f-4d3e-a897-48ee81a64ade,NA-US-CA(N)-NH-Ruff (Kitchens),19.2,0.0,2023-07-31,2023-08-01,345.59999999999997
2023-08-08,905cbe43-327f-4d3e-a897-48ee81a64ade,NA-US-CA(N)-NH-Ruff (Kitchens),18.733334,0.0,2023-08-07,2023-08-01,337.200012
2023-09-02,905cbe43-327f-4d3e-a897-48ee81a64ade,NA-US-CA(N)-NH-Ruff (Kitchens),21.866667,0.0,2023-08-28,2023-09-01,393.600006
2023-08-31,a9eb0fc1-7699-43b4-bd4c-6bb5b8195a87,NA-US-NG-OTT-Tempe (Kitchens) (correct),26.500001,0.0,2023-08-28,2023-08-01,477.000018
2023-08-27,a9eb0fc1-7699-43b4-bd4c-6bb5b8195a87,NA-US-NG-OTT-Tempe (Kitchens) (correct),25.933333,0.0,2023-08-21,2023-08-01,466.799994
2023-08-17,a9eb0fc1-7699-43b4-bd4c-6bb5b8195a87,NA-US-NG-OTT-Tempe (Kitchens) (correct),25.633334,0.0,2023-08-14,2023-08-01,461.400012
2023-08-16,a9eb0fc1-7699-43b4-bd4c-6bb5b8195a87,NA-US-NG-OTT-Tempe (Kitchens) (correct),25.300001,0.0,2023-08-14,2023-08-01,455.40001800000005
2023-08-25,a9eb0fc1-7699-43b4-bd4c-6bb5b8195a87,NA-US-NG-OTT-Tempe (Kitchens) (correct),22.2,0.0,2023-08-21,2023-08-01,399.59999999999997
2023-08-02,a9eb0fc1-7699-43b4-bd4c-6bb5b8195a87,NA-US-NG-OTT-Tempe (Kitchens) (correct),14.066667,0.0,2023-07-31,2023-08-01,253.200006
2023-08-28,a9eb0fc1-7699-43b4-bd4c-6bb5b8195a87,NA-US-NG-OTT-Tempe (Kitchens) (correct),13.15,0.0,2023-08-28,2023-08-01,236.70000000000002
2023-09-05,a9eb0fc1-7699-43b4-bd4c-6bb5b8195a87,NA-US-NG-OTT-Tempe (Kitchens) (correct),0.0,0.0,2023-09-04,2023-09-01,0.0
2023-08-15,a9eb0fc1-7699-43b4-bd4c-6bb5b8195a87,NA-US-NG-OTT-Tempe (Kitchens) (correct),13.216667,0.0,2023-08-14,2023-08-01,237.900006
2023-08-06,a9eb0fc1-7699-43b4-bd4c-6bb5b8195a87,NA-US-NG-OTT-Tempe (Kitchens) (correct),13.333334,0.0,2023-07-31,2023-08-01,240.00001200000003
2023-08-12,a9eb0fc1-7699-43b4-bd4c-6bb5b8195a87,NA-US-NG-OTT-Tempe (Kitchens) (correct),21.6,0.0,2023-08-07,2023-08-01,388.8
2023-08-07,a9eb0fc1-7699-43b4-bd4c-6bb5b8195a87,NA-US-NG-OTT-Tempe (Kitchens) (correct),13.166667,0.0,2023-08-07,2023-08-01,237.000006
2023-09-07,a9eb0fc1-7699-43b4-bd4c-6bb5b8195a87,NA-US-NG-OTT-Tempe (Kitchens) (correct),0.0,0.0,2023-09-04,2023-09-01,0.0
2023-09-04,a9eb0fc1-7699-43b4-bd4c-6bb5b8195a87,NA-US-NG-OTT-Tempe (Kitchens) (correct),0.0,0.0,2023-09-04,2023-09-01,0.0
2023-08-05,a9eb0fc1-7699-43b4-bd4c-6bb5b8195a87,NA-US-NG-OTT-Tempe (Kitchens) (correct),17.233333,0.0,2023-07-31,2023-08-01,310.19999399999995
2023-08-01,a9eb0fc1-7699-43b4-bd4c-6bb5b8195a87,NA-US-NG-OTT-Tempe (Kitchens) (correct),13.166667,0.0,2023-07-31,2023-08-01,237.000006
2023-08-20,a9eb0fc1-7699-43b4-bd4c-6bb5b8195a87,NA-US-NG-OTT-Tempe (Kitchens) (correct),17.266667,0.0,2023-08-14,2023-08-01,310.80000600000005
2023-09-02,a9eb0fc1-7699-43b4-bd4c-6bb5b8195a87,NA-US-NG-OTT-Tempe (Kitchens) (correct),26.3,0.0,2023-08-28,2023-09-01,473.40000000000003
2023-08-26,a9eb0fc1-7699-43b4-bd4c-6bb5b8195a87,NA-US-NG-OTT-Tempe (Kitchens) (correct),22.7,0.0,2023-08-21,2023-08-01,408.59999999999997
2023-08-24,a9eb0fc1-7699-43b4-bd4c-6bb5b8195a87,NA-US-NG-OTT-Tempe (Kitchens) (correct),26.133333,0.0,2023-08-21,2023-08-01,470.399994
2023-08-03,a9eb0fc1-7699-43b4-bd4c-6bb5b8195a87,NA-US-NG-OTT-Tempe (Kitchens) (correct),16.9,0.0,2023-07-31,2023-08-01,304.2
2023-09-06,a9eb0fc1-7699-43b4-bd4c-6bb5b8195a87,NA-US-NG-OTT-Tempe (Kitchens) (correct),0.0,0.0,2023-09-04,2023-09-01,0.0
2023-08-18,a9eb0fc1-7699-43b4-bd4c-6bb5b8195a87,NA-US-NG-OTT-Tempe (Kitchens) (correct),27.966666,0.0,2023-08-14,2023-08-01,503.399988
2023-08-09,a9eb0fc1-7699-43b4-bd4c-6bb5b8195a87,NA-US-NG-OTT-Tempe (Kitchens) (correct),22.483333,0.0,2023-08-07,2023-08-01,404.69999399999995
2023-08-19,a9eb0fc1-7699-43b4-bd4c-6bb5b8195a87,NA-US-NG-OTT-Tempe (Kitchens) (correct),23.3,0.0,2023-08-14,2023-08-01,419.40000000000003
2023-09-01,a9eb0fc1-7699-43b4-bd4c-6bb5b8195a87,NA-US-NG-OTT-Tempe (Kitchens) (correct),24.65,0.0,2023-08-28,2023-09-01,443.7
2023-09-03,a9eb0fc1-7699-43b4-bd4c-6bb5b8195a87,NA-US-NG-OTT-Tempe (Kitchens) (correct),25.916666,0.0,2023-08-28,2023-09-01,466.499988
2023-08-23,a9eb0fc1-7699-43b4-bd4c-6bb5b8195a87,NA-US-NG-OTT-Tempe (Kitchens) (correct),26.433334,0.0,2023-08-21,2023-08-01,475.800012
2023-08-29,a9eb0fc1-7699-43b4-bd4c-6bb5b8195a87,NA-US-NG-OTT-Tempe (Kitchens) (correct),18.05,0.0,2023-08-28,2023-08-01,324.90000000000003
2023-08-10,a9eb0fc1-7699-43b4-bd4c-6bb5b8195a87,NA-US-NG-OTT-Tempe (Kitchens) (correct),25.983334,0.0,2023-08-07,2023-08-01,467.700012
2023-08-04,a9eb0fc1-7699-43b4-bd4c-6bb5b8195a87,NA-US-NG-OTT-Tempe (Kitchens) (correct),27.566667,0.0,2023-07-31,2023-08-01,496.200006
2023-08-13,a9eb0fc1-7699-43b4-bd4c-6bb5b8195a87,NA-US-NG-OTT-Tempe (Kitchens) (correct),24.183333,0.0,2023-08-07,2023-08-01,435.299994
2023-08-22,a9eb0fc1-7699-43b4-bd4c-6bb5b8195a87,NA-US-NG-OTT-Tempe (Kitchens) (correct),15.883334,0.0,2023-08-21,2023-08-01,285.900012
2023-08-30,a9eb0fc1-7699-43b4-bd4c-6bb5b8195a87,NA-US-NG-OTT-Tempe (Kitchens) (correct),26.216666,0.0,2023-08-28,2023-08-01,471.899988
2023-08-08,a9eb0fc1-7699-43b4-bd4c-6bb5b8195a87,NA-US-NG-OTT-Tempe (Kitchens) (correct),13.9,0.0,2023-08-07,2023-08-01,250.20000000000002
2023-08-21,a9eb0fc1-7699-43b4-bd4c-6bb5b8195a87,NA-US-NG-OTT-Tempe (Kitchens) (correct),18.25,0.0,2023-08-21,2023-08-01,328.5
2023-08-11,a9eb0fc1-7699-43b4-bd4c-6bb5b8195a87,NA-US-NG-OTT-Tempe (Kitchens) (correct),23.316667,0.0,2023-08-07,2023-08-01,419.700006
2023-08-14,a9eb0fc1-7699-43b4-bd4c-6bb5b8195a87,NA-US-NG-OTT-Tempe (Kitchens) (correct),13.166667,0.0,2023-08-14,2023-08-01,237.000006
2023-08-08,ee395d7f-589b-4208-a745-90a8a0aa3bfd,NA-US-TUCS-SA-Lombrano (Correct),7.766667,0.0,2023-08-07,2023-08-01,139.800006
2023-08-02,ee395d7f-589b-4208-a745-90a8a0aa3bfd,NA-US-TUCS-SA-Lombrano (Correct),7.916667,0.0,2023-07-31,2023-08-01,142.500006
2023-09-03,ee395d7f-589b-4208-a745-90a8a0aa3bfd,NA-US-TUCS-SA-Lombrano (Correct),0.0,0.0,2023-08-28,2023-09-01,0.0
2023-08-18,ee395d7f-589b-4208-a745-90a8a0aa3bfd,NA-US-TUCS-SA-Lombrano (Correct),7.533333,0.0,2023-08-14,2023-08-01,135.599994
2023-08-09,ee395d7f-589b-4208-a745-90a8a0aa3bfd,NA-US-TUCS-SA-Lombrano (Correct),8.616667,0.0,2023-08-07,2023-08-01,155.100006
2023-08-20,ee395d7f-589b-4208-a745-90a8a0aa3bfd,NA-US-TUCS-SA-Lombrano (Correct),0.0,0.0,2023-08-14,2023-08-01,0.0
2023-09-01,ee395d7f-589b-4208-a745-90a8a0aa3bfd,NA-US-TUCS-SA-Lombrano (Correct),4.016667,0.0,2023-08-28,2023-09-01,72.300006
2023-08-11,ee395d7f-589b-4208-a745-90a8a0aa3bfd,NA-US-TUCS-SA-Lombrano (Correct),8.1,0.0,2023-08-07,2023-08-01,145.79999999999998
2023-08-15,ee395d7f-589b-4208-a745-90a8a0aa3bfd,NA-US-TUCS-SA-Lombrano (Correct),8.0,0.0,2023-08-14,2023-08-01,144.0
2023-08-03,ee395d7f-589b-4208-a745-90a8a0aa3bfd,NA-US-TUCS-SA-Lombrano (Correct),8.0,0.0,2023-07-31,2023-08-01,144.0
2023-08-01,ee395d7f-589b-4208-a745-90a8a0aa3bfd,NA-US-TUCS-SA-Lombrano (Correct),8.066667,0.0,2023-07-31,2023-08-01,145.200006
2023-08-19,ee395d7f-589b-4208-a745-90a8a0aa3bfd,NA-US-TUCS-SA-Lombrano (Correct),8.1,0.0,2023-08-14,2023-08-01,145.79999999999998
2023-08-04,ee395d7f-589b-4208-a745-90a8a0aa3bfd,NA-US-TUCS-SA-Lombrano (Correct),7.266667,0.0,2023-07-31,2023-08-01,130.800006
2023-08-13,ee395d7f-589b-4208-a745-90a8a0aa3bfd,NA-US-TUCS-SA-Lombrano (Correct),0.0,0.0,2023-08-07,2023-08-01,0.0
2023-09-07,ee395d7f-589b-4208-a745-90a8a0aa3bfd,NA-US-TUCS-SA-Lombrano (Correct),0.0,0.0,2023-09-04,2023-09-01,0.0
2023-09-04,ee395d7f-589b-4208-a745-90a8a0aa3bfd,NA-US-TUCS-SA-Lombrano (Correct),0.0,0.0,2023-09-04,2023-09-01,0.0
2023-08-31,ee395d7f-589b-4208-a745-90a8a0aa3bfd,NA-US-TUCS-SA-Lombrano (Correct),7.866667,0.0,2023-08-28,2023-08-01,141.600006
2023-08-30,ee395d7f-589b-4208-a745-90a8a0aa3bfd,NA-US-TUCS-SA-Lombrano (Correct),8.0,0.0,2023-08-28,2023-08-01,144.0
2023-08-25,ee395d7f-589b-4208-a745-90a8a0aa3bfd,NA-US-TUCS-SA-Lombrano (Correct),7.8,0.0,2023-08-21,2023-08-01,140.4
2023-08-21,ee395d7f-589b-4208-a745-90a8a0aa3bfd,NA-US-TUCS-SA-Lombrano (Correct),0.0,0.0,2023-08-21,2023-08-01,0.0
2023-08-23,ee395d7f-589b-4208-a745-90a8a0aa3bfd,NA-US-TUCS-SA-Lombrano (Correct),7.9,0.0,2023-08-21,2023-08-01,142.20000000000002
2023-08-28,ee395d7f-589b-4208-a745-90a8a0aa3bfd,NA-US-TUCS-SA-Lombrano (Correct),0.0,0.0,2023-08-28,2023-08-01,0.0
2023-08-26,ee395d7f-589b-4208-a745-90a8a0aa3bfd,NA-US-TUCS-SA-Lombrano (Correct),8.25,0.0,2023-08-21,2023-08-01,148.5
2023-08-17,ee395d7f-589b-4208-a745-90a8a0aa3bfd,NA-US-TUCS-SA-Lombrano (Correct),7.583333,0.0,2023-08-14,2023-08-01,136.499994
2023-08-06,ee395d7f-589b-4208-a745-90a8a0aa3bfd,NA-US-TUCS-SA-Lombrano (Correct),0.0,0.0,2023-07-31,2023-08-01,0.0
2023-08-24,ee395d7f-589b-4208-a745-90a8a0aa3bfd,NA-US-TUCS-SA-Lombrano (Correct),5.083333,0.0,2023-08-21,2023-08-01,91.49999399999999
2023-08-07,ee395d7f-589b-4208-a745-90a8a0aa3bfd,NA-US-TUCS-SA-Lombrano (Correct),0.0,0.0,2023-08-07,2023-08-01,0.0
2023-08-29,ee395d7f-589b-4208-a745-90a8a0aa3bfd,NA-US-TUCS-SA-Lombrano (Correct),12.133333,0.0,2023-08-28,2023-08-01,218.399994
2023-08-10,ee395d7f-589b-4208-a745-90a8a0aa3bfd,NA-US-TUCS-SA-Lombrano (Correct),7.85,0.0,2023-08-07,2023-08-01,141.29999999999998
2023-08-05,ee395d7f-589b-4208-a745-90a8a0aa3bfd,NA-US-TUCS-SA-Lombrano (Correct),6.983333,0.0,2023-07-31,2023-08-01,125.699994
2023-08-16,ee395d7f-589b-4208-a745-90a8a0aa3bfd,NA-US-TUCS-SA-Lombrano (Correct),5.633333,0.0,2023-08-14,2023-08-01,101.399994
2023-08-12,ee395d7f-589b-4208-a745-90a8a0aa3bfd,NA-US-TUCS-SA-Lombrano (Correct),6.883333,0.0,2023-08-07,2023-08-01,123.899994
2023-08-14,ee395d7f-589b-4208-a745-90a8a0aa3bfd,NA-US-TUCS-SA-Lombrano (Correct),0.0,0.0,2023-08-14,2023-08-01,0.0
2023-08-27,ee395d7f-589b-4208-a745-90a8a0aa3bfd,NA-US-TUCS-SA-Lombrano (Correct),0.0,0.0,2023-08-21,2023-08-01,0.0
2023-09-06,ee395d7f-589b-4208-a745-90a8a0aa3bfd,NA-US-TUCS-SA-Lombrano (Correct),0.0,0.0,2023-09-04,2023-09-01,0.0
2023-08-22,ee395d7f-589b-4208-a745-90a8a0aa3bfd,NA-US-TUCS-SA-Lombrano (Correct),8.883333,0.0,2023-08-21,2023-08-01,159.899994
2023-09-02,ee395d7f-589b-4208-a745-90a8a0aa3bfd,NA-US-TUCS-SA-Lombrano (Correct),6.933333,0.0,2023-08-28,2023-09-01,124.799994
2023-09-05,ee395d7f-589b-4208-a745-90a8a0aa3bfd,NA-US-TUCS-SA-Lombrano (Correct),0.0,0.0,2023-09-04,2023-09-01,0.0
